Pais,Indicador,2010-2011,2011-2012,2012-2013,2013-2014,2014-2015,2015-2016
Afghanistan,SE.PRM.TENR,0.0,0.0,0.0,0.0,0.0,0.0
Afghanistan,AIDS,1.0,1.0,1.0,1.0,1.0,1.0
Afghanistan,UIS.LP.AG15T24,0.0,2947366.0,0.0,0.0,0.0,0.0
Afghanistan,SL.UEM.TOTL.ZS,8.1,8.2,8.0,8.4,8.6,8.6
Afghanistan,SE.PRM.TCHR,118858.0,121593.0,129093.0,130957.0,0.0,142880.0
Afghanistan,UIS.ROFST.1,0.0,0.0,0.0,0.0,0.0,0.0
Afghanistan,NY.GDP.MKTP.CD,15936800636.25,17930239399.81,20536542736.73,20046334303.97,20050189881.67,19215562179.01
Afghanistan,SP.POP.GROW,2.81,3.1,3.27,3.32,3.18,2.94
Afghanistan,IT.NET.USER.P2,4.0,5.0,5.45,5.9,7.0,8.26
Afghanistan,UIS.ILLPOP.AG25T64,0.0,6844551.6,0.0,0.0,0.0,0.0
Afghanistan,SE.XPD.TOTL.GD.ZS,3.46,3.44,2.53,3.48,3.78,3.32
Afghanistan,SE.PRM.ENRL.TC.ZS,44.42,43.52,44.68,45.71,0.0,44.33
Albania,AIDS,0.0,1.0,0.0,0.0,0.0,0.0
Albania,UIS.LP.AG15T24,0.0,6547.0,4302.0,0.0,0.0,0.0
Albania,SL.UEM.TOTL.ZS,14.2,14.0,13.4,15.6,17.5,17.1
Albania,SE.PRM.TCHR,11409.0,10854.0,10605.0,10402.0,10343.0,10119.0
Albania,UIS.ROFST.1,8.97,6.77,3.86,4.09,4.08,0.0
Albania,SE.PRM.ENRL.TC.ZS,19.7,19.87,19.48,19.12,18.92,18.62
Albania,SP.POP.GROW,-0.5,-0.27,-0.17,-0.18,-0.21,-0.29
Albania,IT.NET.USER.P2,45.0,49.0,54.66,57.2,60.1,63.25
Albania,UIS.ILLPOP.AG25T64,0.0,19796.19,15537.94,0.0,0.0,0.0
Albania,SE.XPD.TOTL.GD.ZS,0.0,0.0,0.0,3.54,0.0,0.0
Albania,NY.GDP.MKTP.CD,11926953258.92,12890867538.53,12319784787.3,12776277515.48,13228244357.18,11335264966.56
Albania,SE.PRM.TENR,91.03,93.23,96.14,95.91,95.92,0.0
Algeria,AIDS,1.0,1.0,1.0,1.0,1.0,1.0
Algeria,UIS.LP.AG15T24,0.0,0.0,0.0,0.0,0.0,0.0
Algeria,SL.UEM.TOTL.ZS,10.0,10.0,11.0,9.8,10.6,11.2
Algeria,SE.PRM.TCHR,141994.0,144537.0,149036.0,155144.0,159115.0,164684.0
Algeria,UIS.ROFST.1,1.34,1.25,0.0,0.0,0.0,1.19
Algeria,SE.PRM.ENRL.TC.ZS,23.33,23.27,23.16,23.26,23.66,23.84
Algeria,SP.POP.GROW,1.82,1.92,2.01,2.04,2.0,1.92
Algeria,IT.NET.USER.P2,12.5,14.9,18.2,22.5,29.5,38.2
Algeria,UIS.ILLPOP.AG25T64,0.0,0.0,0.0,0.0,0.0,0.0
Algeria,SE.XPD.TOTL.GD.ZS,0.0,0.0,0.0,0.0,0.0,0.0
Algeria,NY.GDP.MKTP.CD,161207268655.39,200019057307.66,209058991952.12,209755003250.66,213810022462.43,165874330876.32
Algeria,SE.PRM.TENR,98.66,98.75,0.0,0.0,0.0,98.81
Angola,AIDS,1.0,0.0,0.0,0.0,0.0,1.0
Angola,UIS.LP.AG15T24,0.0,0.0,0.0,0.0,1047558.0,0.0
Angola,SL.UEM.TOTL.ZS,6.2,6.2,6.2,6.2,6.2,6.2
Angola,SE.PRM.TCHR,93734.0,118158.0,0.0,0.0,0.0,0.0
Angola,UIS.ROFST.1,18.66,15.99,0.0,0.0,0.0,0.0
Angola,SE.PRM.ENRL.TC.ZS,45.59,42.54,0.0,0.0,0.0,0.0
Angola,SP.POP.GROW,3.57,3.57,3.56,3.53,3.49,3.43
Angola,IT.NET.USER.P2,2.8,3.1,6.5,8.9,10.2,12.4
Angola,UIS.ILLPOP.AG25T64,0.0,0.0,0.0,0.0,2736780.71,0.0
Angola,SE.XPD.TOTL.GD.ZS,3.48,0.0,0.0,0.0,0.0,0.0
Angola,NY.GDP.MKTP.CD,82470913120.73,104115923082.74,115398371427.67,124912063308.2,126776874216.7,102962245246.71
Angola,SE.PRM.TENR,81.34,84.01,0.0,0.0,0.0,0.0
Argentina,AIDS,1.0,1.0,0.0,0.0,1.0,0.0
Argentina,UIS.LP.AG15T24,0.0,0.0,0.0,0.0,0.0,48105.0
Argentina,SL.UEM.TOTL.ZS,7.7,7.2,7.2,7.1,7.3,7.2
Argentina,SE.PRM.TCHR,0.0,0.0,0.0,0.0,0.0,0.0
Argentina,UIS.ROFST.1,0.93,0.86,0.82,0.65,0.33,0.0
Argentina,SE.PRM.TENR,99.07,99.14,99.18,99.35,99.67,0.0
Argentina,SP.POP.GROW,1.04,1.04,1.05,1.05,1.03,1.01
Argentina,IT.NET.USER.P2,45.0,51.0,55.8,59.9,64.7,68.04
Argentina,UIS.ILLPOP.AG25T64,0.0,0.0,0.0,0.0,0.0,340191.37
Argentina,SE.XPD.TOTL.GD.ZS,4.99,5.26,5.32,5.42,5.33,0.0
Argentina,NY.GDP.MKTP.CD,423627422092.49,530163281574.66,545982375701.13,552025140252.25,526319673731.64,584711485367.27
Argentina,SE.PRM.ENRL.TC.ZS,0.0,0.0,0.0,0.0,0.0,0.0
Armenia,AIDS,0.0,0.0,0.0,0.0,0.0,0.0
Armenia,UIS.LP.AG15T24,0.0,824.0,0.0,0.0,0.0,0.0
Armenia,SL.UEM.TOTL.ZS,19.0,18.4,17.3,16.2,17.6,18.3
Armenia,SE.PRM.TCHR,0.0,0.0,0.0,0.0,0.0,0.0
Armenia,UIS.ROFST.1,0.0,0.0,0.0,0.0,0.0,3.58
Armenia,SE.PRM.ENRL.TC.ZS,0.0,0.0,0.0,0.0,0.0,0.0
Armenia,SP.POP.GROW,-0.39,-0.06,0.22,0.4,0.44,0.37
Armenia,IT.NET.USER.P2,25.0,32.0,37.5,41.9,54.62,59.1
Armenia,UIS.ILLPOP.AG25T64,0.0,2034.22,0.0,0.0,0.0,0.0
Armenia,SE.XPD.TOTL.GD.ZS,3.25,3.14,2.77,2.65,2.25,2.81
Armenia,NY.GDP.MKTP.CD,9260284937.8,10142111334.5,10619320048.59,11121465767.41,11609512939.75,10553337672.99
Armenia,SE.PRM.TENR,0.0,0.0,0.0,0.0,0.0,96.42
Australia,AIDS,0.0,1.0,0.0,0.0,0.0,0.0
Australia,UIS.LP.AG15T24,0.0,0.0,0.0,0.0,0.0,0.0
Australia,SL.UEM.TOTL.ZS,5.2,5.1,5.2,5.7,6.1,6.1
Australia,SE.PRM.TCHR,0.0,0.0,0.0,0.0,0.0,0.0
Australia,UIS.ROFST.1,2.89,2.23,2.34,2.55,2.86,2.84
Australia,SE.PRM.TENR,97.11,97.77,97.66,97.45,97.14,97.16
Australia,SP.POP.GROW,1.56,1.39,1.72,1.7,1.47,1.39
Australia,IT.NET.USER.P2,76.0,79.49,79.0,83.45,84.0,84.56
Australia,UIS.ILLPOP.AG25T64,0.0,0.0,0.0,0.0,0.0,0.0
Australia,SE.XPD.TOTL.GD.ZS,5.56,5.1,4.9,5.29,5.23,0.0
Australia,NY.GDP.MKTP.CD,1142876772659.21,1390557034407.97,1538194473087.23,1567178619062.28,1459597906912.7,1345383143356.35
Australia,SE.PRM.ENRL.TC.ZS,0.0,0.0,0.0,0.0,0.0,0.0
Azerbaijan,SE.PRM.TCHR,43610.0,43242.0,41221.0,41012.0,41012.0,40830.0
Azerbaijan,AIDS,0.0,0.0,0.0,0.0,0.0,0.0
Azerbaijan,UIS.LP.AG15T24,931.0,1036.0,1144.0,832.0,724.0,924.0
Azerbaijan,SL.UEM.TOTL.ZS,5.6,5.4,5.2,5.0,4.9,5.0
Azerbaijan,UIS.ROFST.1,15.27,12.73,10.71,6.33,5.19,5.74
Azerbaijan,SE.PRM.TENR,84.73,87.27,89.29,93.67,94.81,94.26
Azerbaijan,SP.POP.GROW,1.19,1.3,1.33,1.29,1.25,1.19
Azerbaijan,NY.GDP.MKTP.CD,52902703376.11,65951627200.2,69684317718.94,74164435946.46,75244166772.92,53074370486.04
Azerbaijan,SE.XPD.TOTL.GD.ZS,2.78,2.44,2.1,2.46,2.63,0.0
Azerbaijan,SE.PRM.ENRL.TC.ZS,11.04,11.16,11.92,12.15,12.62,13.5
Azerbaijan,IT.NET.USER.P2,46.0,50.0,54.2,73.0,75.0,77.0
Azerbaijan,UIS.ILLPOP.AG25T64,5071.58,4812.3,5348.35,5196.59,5450.94,5306.86
Barbados,AIDS,0.0,0.0,0.0,0.0,0.0,0.0
Barbados,UIS.LP.AG15T24,0.0,0.0,0.0,0.0,0.0,0.0
Barbados,SL.UEM.TOTL.ZS,10.7,11.2,11.6,11.6,12.2,11.4
Barbados,UIS.ROFST.1,4.92,6.38,0.0,0.0,8.51,0.0
Barbados,SE.PRM.ENRL.TC.ZS,13.01,13.09,0.0,0.0,18.49,0.0
Barbados,SE.PRM.TCHR,1742.0,1720.0,0.0,0.0,1145.0,0.0
Barbados,IT.NET.USER.P2,65.1,66.5,71.2,71.8,75.16,76.11
Barbados,UIS.ILLPOP.AG25T64,0.0,0.0,0.0,0.0,0.0,0.0
Barbados,SE.XPD.TOTL.GD.ZS,5.88,0.0,5.62,5.48,6.57,0.0
Barbados,NY.GDP.MKTP.CD,4461650000.0,4660900000.0,4656350000.0,4612500000.0,4608350000.0,4584150000.0
Barbados,SE.PRM.TENR,95.08,93.62,0.0,0.0,91.49,0.0
Barbados,SP.POP.GROW,0.39,0.37,0.35,0.33,0.31,0.29
Belarus,SE.PRM.TCHR,23907.0,23644.0,23595.0,23150.0,22383.0,22029.0
Belarus,AIDS,1.0,1.0,1.0,1.0,1.0,0.0
Belarus,UIS.LP.AG15T24,0.0,0.0,0.0,0.0,0.0,0.0
Belarus,SL.UEM.TOTL.ZS,0.7,0.7,0.6,0.5,0.5,0.5
Belarus,UIS.ROFST.1,8.6,8.98,5.82,6.86,5.94,4.35
Belarus,SE.XPD.TOTL.GD.ZS,5.43,4.85,5.12,5.18,4.99,4.95
Belarus,SP.POP.GROW,-0.17,-0.18,-0.09,0.02,0.09,0.16
Belarus,IT.NET.USER.P2,31.8,39.65,46.91,54.17,59.02,67.3
Belarus,UIS.ILLPOP.AG25T64,0.0,0.0,0.0,0.0,0.0,0.0
Belarus,NY.GDP.MKTP.CD,57222490768.71,61757788944.72,65685102554.88,75527984234.23,78813839984.35,56454734396.58
Belarus,SE.PRM.ENRL.TC.ZS,14.97,14.96,14.91,15.36,16.48,17.57
Belarus,SE.PRM.TENR,91.4,91.02,94.18,93.14,94.06,95.65
Benin,UIS.ROFST.1,5.88,5.94,5.14,0.0,4.13,0.0
Benin,AIDS,0.0,0.0,0.0,0.0,0.0,0.0
Benin,UIS.LP.AG15T24,0.0,0.0,947790.0,0.0,0.0,0.0
Benin,SL.UEM.TOTL.ZS,1.0,1.0,1.0,1.1,1.0,1.0
Benin,SE.PRM.TCHR,38540.0,42293.0,45010.0,47201.0,46454.0,49688.0
Benin,SE.PRM.ENRL.TC.ZS,46.39,44.2,44.15,43.73,45.92,45.04
Benin,IT.NET.USER.P2,3.13,4.15,4.5,4.9,6.0,11.25
Benin,UIS.ILLPOP.AG25T64,0.0,0.0,2479843.61,0.0,0.0,0.0
Benin,SE.XPD.TOTL.GD.ZS,5.03,0.0,4.87,4.55,4.32,4.36
Benin,NY.GDP.MKTP.CD,6970240895.5,7814081155.65,8152554487.31,9156748441.42,9707432015.61,8290986804.45
Benin,SE.PRM.TENR,94.12,94.06,94.86,0.0,95.87,0.0
Benin,SP.POP.GROW,2.81,2.8,2.8,2.79,2.78,2.77
Botswana,AIDS,0.0,0.0,0.0,0.0,0.0,0.0
Botswana,UIS.LP.AG15T24,0.0,0.0,0.0,0.0,0.0,0.0
Botswana,SL.UEM.TOTL.ZS,17.9,17.6,17.4,17.5,17.1,16.8
Botswana,SE.PRM.TCHR,0.0,0.0,14342.0,15035.0,0.0,0.0
Botswana,UIS.ROFST.1,0.0,0.0,9.23,8.64,0.0,0.0
Botswana,SE.PRM.ENRL.TC.ZS,0.0,0.0,23.42,22.62,0.0,0.0
Botswana,SP.POP.GROW,1.75,1.79,1.83,1.86,1.86,1.86
Botswana,IT.NET.USER.P2,6.0,9.0,16.0,30.0,36.74,37.31
Botswana,UIS.ILLPOP.AG25T64,0.0,0.0,0.0,0.0,0.0,0.0
Botswana,SE.XPD.TOTL.GD.ZS,0.0,0.0,0.0,0.0,0.0,0.0
Botswana,NY.GDP.MKTP.CD,12786654365.87,15682926895.97,14686278707.46,14915780538.67,16259445052.56,14430573505.38
Botswana,SE.PRM.TENR,0.0,0.0,90.77,91.36,0.0,0.0
Bulgaria,SE.PRM.TCHR,14885.0,14608.0,14489.0,14388.0,14596.0,0.0
Bulgaria,AIDS,1.0,0.0,0.0,0.0,0.0,0.0
Bulgaria,UIS.LP.AG15T24,0.0,17961.0,0.0,0.0,0.0,0.0
Bulgaria,SL.UEM.TOTL.ZS,10.3,11.3,12.3,12.9,11.4,9.1
Bulgaria,UIS.ROFST.1,0.67,1.4,3.01,3.38,3.64,5.06
Bulgaria,SE.PRM.TENR,99.33,98.6,96.99,96.62,96.36,94.94
Bulgaria,SP.POP.GROW,-0.66,-0.64,-0.58,-0.56,-0.57,-0.64
Bulgaria,NY.GDP.MKTP.CD,50610031135.78,57418391041.59,53903028252.3,55758744571.12,56732006512.01,50199117547.04
Bulgaria,SE.XPD.TOTL.GD.ZS,3.86,3.56,3.5,4.06,0.0,0.0
Bulgaria,SE.PRM.ENRL.TC.ZS,17.49,17.46,17.42,17.63,17.73,0.0
Bulgaria,IT.NET.USER.P2,46.23,47.98,51.9,53.06,55.49,56.66
Bulgaria,UIS.ILLPOP.AG25T64,0.0,52678.16,0.0,0.0,0.0,0.0
Burkina Faso,AIDS,0.0,0.0,0.0,0.0,0.0,0.0
Burkina Faso,UIS.LP.AG15T24,0.0,0.0,0.0,0.0,1727918.0,0.0
Burkina Faso,SL.UEM.TOTL.ZS,3.3,3.3,3.3,3.3,3.3,3.3
Burkina Faso,UIS.ROFST.1,39.93,35.36,34.25,33.38,32.05,30.34
Burkina Faso,SE.PRM.ENRL.TC.ZS,52.4,52.69,48.24,46.1,44.5,42.18
Burkina Faso,SE.PRM.TCHR,39077.0,41857.0,48592.0,53505.0,58294.0,64177.0
Burkina Faso,IT.NET.USER.P2,2.4,3.0,3.73,9.1,9.4,11.39
Burkina Faso,UIS.ILLPOP.AG25T64,0.0,0.0,0.0,0.0,3956190.24,0.0
Burkina Faso,SE.XPD.TOTL.GD.ZS,3.94,4.48,4.05,4.6,4.6,4.06
Burkina Faso,NY.GDP.MKTP.CD,8979966766.07,10724063457.83,11166063466.56,11947176342.0,12377391462.64,10419303761.35
Burkina Faso,SE.PRM.TENR,60.07,64.64,65.75,66.62,67.95,69.66
Burkina Faso,SP.POP.GROW,3.02,3.01,3.0,2.98,2.96,2.94
Burundi,SE.PRM.TCHR,36557.0,40288.0,42052.0,44662.0,46887.0,47949.0
Burundi,AIDS,0.0,0.0,0.0,0.0,0.0,0.0
Burundi,UIS.LP.AG15T24,0.0,0.0,0.0,0.0,424545.0,0.0
Burundi,SL.UEM.TOTL.ZS,1.6,1.6,1.6,1.6,1.6,1.5
Burundi,UIS.ROFST.1,8.48,0.0,0.0,8.95,4.32,5.39
Burundi,NY.GDP.MKTP.CD,2026864469.36,2355652125.85,2472384907.0,2714505634.53,3093647226.81,3066681386.74
Burundi,SP.POP.GROW,3.22,3.11,3.01,2.97,2.99,3.06
Burundi,IT.NET.USER.P2,1.0,1.11,1.22,1.26,1.38,4.87
Burundi,UIS.ILLPOP.AG25T64,0.0,0.0,0.0,0.0,1612572.61,0.0
Burundi,SE.XPD.TOTL.GD.ZS,6.81,6.0,5.82,5.42,0.0,0.0
Burundi,SE.PRM.TENR,91.52,0.0,0.0,91.05,95.68,94.61
Burundi,SE.PRM.ENRL.TC.ZS,50.6,48.31,47.1,45.0,43.65,43.22
Cabo Verde,AIDS,0.0,0.0,0.0,0.0,0.0,0.0
Cabo Verde,UIS.LP.AG15T24,0.0,0.0,2146.0,0.0,0.0,2060.0
Cabo Verde,SL.UEM.TOTL.ZS,10.7,10.7,10.6,10.5,10.4,10.4
Cabo Verde,UIS.ROFST.1,4.75,3.29,1.57,1.58,1.76,2.73
Cabo Verde,SE.PRM.TCHR,3009.0,2972.0,2956.0,2955.0,2965.0,2988.0
Cabo Verde,SE.PRM.ENRL.TC.ZS,23.64,23.26,22.97,22.93,22.6,21.95
Cabo Verde,IT.NET.USER.P2,30.0,32.0,34.74,37.5,40.26,47.96
Cabo Verde,UIS.ILLPOP.AG25T64,0.0,0.0,28427.53,0.0,0.0,27173.71
Cabo Verde,SE.XPD.TOTL.GD.ZS,5.55,5.04,0.0,4.99,0.0,0.0
Cabo Verde,NY.GDP.MKTP.CD,1664310769.55,1864824080.69,1751888561.73,1850951315.46,1858121723.25,1574288667.7
Cabo Verde,SE.PRM.TENR,95.25,96.71,98.43,98.42,98.24,97.27
Cabo Verde,SP.POP.GROW,1.08,1.12,1.16,1.19,1.21,1.22
Cambodia,UIS.LP.AG15T24,0.0,0.0,0.0,0.0,0.0,0.0
Cambodia,SL.UEM.TOTL.ZS,0.4,0.2,0.2,0.3,0.1,0.1
Cambodia,SE.PRM.TCHR,46905.0,47033.0,48002.0,47413.0,47691.0,47866.0
Cambodia,UIS.ROFST.1,6.72,2.48,2.59,0.0,5.29,5.07
Cambodia,SE.PRM.ENRL.TC.ZS,48.45,47.29,45.72,46.93,44.63,45.52
Cambodia,AIDS,0.0,0.0,0.0,0.0,0.0,0.0
Cambodia,IT.NET.USER.P2,1.26,3.1,4.94,6.8,14.0,19.0
Cambodia,UIS.ILLPOP.AG25T64,0.0,0.0,0.0,0.0,0.0,0.0
Cambodia,SE.XPD.TOTL.GD.ZS,1.54,1.51,1.56,2.02,1.9,0.0
Cambodia,NY.GDP.MKTP.CD,11242275198.98,12829541141.01,14038383450.19,15449630418.55,16777820332.71,18049954289.42
Cambodia,SE.PRM.TENR,93.28,97.52,97.41,0.0,94.71,94.93
Cambodia,SP.POP.GROW,1.54,1.59,1.63,1.65,1.64,1.6
Cameroon,AIDS,0.0,0.0,0.0,0.0,0.0,0.0
Cameroon,UIS.LP.AG15T24,812358.0,0.0,0.0,0.0,0.0,0.0
Cameroon,SL.UEM.TOTL.ZS,4.1,4.1,4.1,4.1,4.1,4.1
Cameroon,SE.PRM.TCHR,76655.0,78903.0,84467.0,0.0,93738.0,105388.0
Cameroon,UIS.ROFST.1,0.0,12.37,5.94,0.0,5.3,4.89
Cameroon,SE.PRM.ENRL.TC.ZS,45.79,45.44,45.56,0.0,44.2,41.47
Cameroon,IT.NET.USER.P2,4.3,5.0,7.5,10.0,16.21,20.68
Cameroon,UIS.ILLPOP.AG25T64,1993215.51,0.0,0.0,0.0,0.0,0.0
Cameroon,SE.XPD.TOTL.GD.ZS,3.31,3.06,2.97,3.03,0.0,0.0
Cameroon,NY.GDP.MKTP.CD,26143818509.64,29337006833.08,29104437355.04,32348149947.37,34942948737.4,30916218544.44
Cameroon,SE.PRM.TENR,0.0,87.63,94.06,0.0,94.7,95.11
Cameroon,SP.POP.GROW,2.73,2.72,2.7,2.68,2.66,2.64
Central African Republic,AIDS,0.0,0.0,0.0,0.0,0.0,0.0
Central African Republic,UIS.LP.AG15T24,569841.0,0.0,0.0,0.0,0.0,0.0
Central African Republic,SL.UEM.TOTL.ZS,6.2,6.2,6.2,5.6,6.1,6.2
Central African Republic,SE.PRM.TCHR,7553.0,7974.0,8267.0,0.0,0.0,0.0
Central African Republic,UIS.ROFST.1,30.31,32.23,29.16,0.0,0.0,0.0
Central African Republic,SE.PRM.ENRL.TC.ZS,84.32,81.31,80.12,0.0,0.0,0.0
Central African Republic,IT.NET.USER.P2,2.0,2.2,3.0,3.4,3.6,3.8
Central African Republic,SE.PRM.TENR,69.69,67.77,70.84,0.0,0.0,0.0
Central African Republic,NY.GDP.MKTP.CD,1986014845.63,2212699746.81,2184183758.32,1518565219.01,1702898939.55,1583776759.98
Central African Republic,SP.POP.GROW,1.0,0.62,0.32,0.21,0.35,0.68
Central African Republic,UIS.ILLPOP.AG25T64,979124.59,0.0,0.0,0.0,0.0,0.0
Central African Republic,SE.XPD.TOTL.GD.ZS,1.2,1.22,0.0,0.0,0.0,0.0
Chad,AIDS,0.0,0.0,0.0,0.0,0.0,0.0
Chad,UIS.LP.AG15T24,0.0,0.0,0.0,0.0,0.0,1733809.0
Chad,SL.UEM.TOTL.ZS,5.9,5.7,5.8,5.8,5.8,5.7
Chad,UIS.ROFST.1,0.0,36.96,0.0,20.88,0.0,0.0
Chad,SE.PRM.ENRL.TC.ZS,62.2,62.59,61.27,62.43,0.0,0.0
Chad,SE.PRM.TCHR,27764.0,30813.0,34125.0,37336.0,0.0,0.0
Chad,IT.NET.USER.P2,1.7,1.9,2.1,2.5,2.9,3.5
Chad,UIS.ILLPOP.AG25T64,0.0,0.0,0.0,0.0,0.0,3265709.16
Chad,SE.XPD.TOTL.GD.ZS,1.98,2.26,2.21,2.85,0.0,0.0
Chad,NY.GDP.MKTP.CD,10657705536.5,12156380425.08,12368071038.74,12949854262.81,13922223233.52,10888798113.79
Chad,SE.PRM.TENR,0.0,63.04,0.0,79.12,0.0,0.0
Chad,SP.POP.GROW,3.29,3.32,3.33,3.32,3.26,3.19
Chile,SE.PRM.TCHR,66059.0,69191.0,71073.0,75405.0,0.0,0.0
Chile,AIDS,1.0,1.0,1.0,1.0,1.0,1.0
Chile,UIS.LP.AG15T24,0.0,16618.0,0.0,26452.0,0.0,0.0
Chile,SL.UEM.TOTL.ZS,8.1,7.1,6.4,5.9,6.4,6.2
Chile,UIS.ROFST.1,4.95,6.29,6.86,7.49,6.93,5.64
Chile,SE.XPD.TOTL.GD.ZS,4.18,4.08,4.58,4.56,4.75,4.92
Chile,SP.POP.GROW,0.97,0.94,0.91,0.88,0.86,0.84
Chile,IT.NET.USER.P2,45.0,52.25,55.05,58.0,61.11,64.29
Chile,UIS.ILLPOP.AG25T64,0.0,230679.72,0.0,272476.63,0.0,0.0
Chile,NY.GDP.MKTP.CD,218537551220.07,252251992029.44,267122320056.7,278384332694.31,260990299051.12,242517905161.66
Chile,SE.PRM.ENRL.TC.ZS,23.41,21.97,21.16,19.53,0.0,0.0
Chile,SE.PRM.TENR,95.05,93.71,93.14,92.51,93.07,94.36
Colombia,UIS.ROFST.1,2.78,2.68,5.65,6.92,7.74,6.83
Colombia,AIDS,1.0,1.0,0.0,0.0,1.0,0.0
Colombia,UIS.LP.AG15T24,160666.0,148505.0,0.0,0.0,121860.0,121588.0
Colombia,SL.UEM.TOTL.ZS,11.8,10.9,10.4,9.7,9.2,9.0
Colombia,SE.PRM.TCHR,180760.0,178550.0,189335.0,188462.0,187042.0,188208.0
Colombia,SE.PRM.ENRL.TC.ZS,28.13,27.58,25.05,24.98,24.29,23.8
Colombia,IT.NET.USER.P2,36.5,40.35,48.98,51.7,52.57,55.9
Colombia,UIS.ILLPOP.AG25T64,1353896.49,1366926.57,0.0,0.0,1258162.78,1255798.48
Colombia,SE.XPD.TOTL.GD.ZS,4.83,4.46,4.39,4.91,4.66,4.49
Colombia,NY.GDP.MKTP.CD,287018179193.92,335415162155.57,369659697842.88,380191876348.93,378195707612.39,291519596338.69
Colombia,SE.PRM.TENR,97.22,97.32,94.35,93.08,92.26,93.17
Colombia,SP.POP.GROW,1.1,1.06,1.02,0.98,0.94,0.91
Comoros,AIDS,0.0,0.0,0.0,0.0,0.0,0.0
Comoros,UIS.LP.AG15T24,0.0,0.0,41920.0,0.0,0.0,0.0
Comoros,SL.UEM.TOTL.ZS,20.1,20.0,20.0,19.9,19.8,19.7
Comoros,SE.PRM.TCHR,0.0,4201.0,0.0,4322.0,0.0,0.0
Comoros,UIS.ROFST.1,0.0,0.0,0.0,14.73,18.7,0.0
Comoros,SE.PRM.ENRL.TC.ZS,0.0,27.75,0.0,27.81,0.0,0.0
Comoros,SP.POP.GROW,2.41,2.42,2.42,2.41,2.38,2.35
Comoros,IT.NET.USER.P2,5.1,5.5,5.98,6.5,6.98,7.46
Comoros,UIS.ILLPOP.AG25T64,0.0,0.0,150926.06,0.0,0.0,0.0
Comoros,SE.XPD.TOTL.GD.ZS,0.0,4.94,4.88,4.3,4.87,4.34
Comoros,NY.GDP.MKTP.CD,530493353.22,586281766.76,570865941.23,618663921.86,647720707.08,565689764.63
Comoros,SE.PRM.TENR,0.0,0.0,0.0,85.27,81.3,0.0
Costa Rica,AIDS,0.0,1.0,0.0,1.0,0.0,1.0
Costa Rica,UIS.LP.AG15T24,0.0,7166.0,0.0,0.0,0.0,0.0
Costa Rica,SL.UEM.TOTL.ZS,8.9,10.3,10.2,9.4,9.6,9.6
Costa Rica,SE.PRM.TCHR,29163.0,29233.0,0.0,35986.0,35967.0,37349.0
Costa Rica,UIS.ROFST.1,0.0,0.56,0.53,1.53,3.64,3.38
Costa Rica,SE.PRM.TENR,0.0,99.44,99.47,98.47,96.36,96.62
Costa Rica,SP.POP.GROW,1.26,1.21,1.16,1.12,1.08,1.05
Costa Rica,IT.NET.USER.P2,36.5,39.21,47.5,45.96,53.0,59.76
Costa Rica,UIS.ILLPOP.AG25T64,0.0,51445.23,0.0,0.0,0.0,0.0
Costa Rica,SE.XPD.TOTL.GD.ZS,6.63,6.45,6.68,6.87,6.93,7.18
Costa Rica,NY.GDP.MKTP.CD,37268635287.09,42262697840.38,46473128285.56,49745088111.7,50656002895.88,54840103850.26
Costa Rica,SE.PRM.ENRL.TC.ZS,17.85,17.34,0.0,13.34,13.23,12.68
Croatia,UIS.ROFST.1,5.4,3.17,1.59,1.73,1.65,1.63
Croatia,AIDS,0.0,0.0,1.0,0.0,0.0,0.0
Croatia,UIS.LP.AG15T24,0.0,1379.0,0.0,0.0,0.0,0.0
Croatia,SE.PRM.TCHR,11746.0,11726.0,11696.0,0.0,11741.0,11849.0
Croatia,SE.PRM.ENRL.TC.ZS,14.26,13.83,13.68,0.0,13.7,13.7
Croatia,SL.UEM.TOTL.ZS,11.6,13.7,15.9,17.3,17.3,16.3
Croatia,IT.NET.USER.P2,56.55,57.79,61.94,66.75,68.57,69.8
Croatia,UIS.ILLPOP.AG25T64,0.0,8457.85,0.0,0.0,0.0,0.0
Croatia,SP.POP.GROW,-0.26,0.0,-0.31,-0.28,-0.41,-0.82
Croatia,SE.XPD.TOTL.GD.ZS,4.25,4.15,0.0,4.58,0.0,0.0
Croatia,NY.GDP.MKTP.CD,59665427464.53,62236751773.05,56485301967.42,57769872074.88,57080369367.8,48921877447.76
Croatia,SE.PRM.TENR,94.6,96.83,98.41,98.27,98.35,98.37
Cuba,AIDS,1.0,1.0,0.0,0.0,0.0,0.0
Cuba,UIS.LP.AG15T24,0.0,0.0,1905.0,0.0,0.0,0.0
Cuba,SL.UEM.TOTL.ZS,2.5,3.2,3.5,3.3,2.7,2.4
Cuba,SE.PRM.TCHR,93414.0,90918.0,88699.0,85202.0,84209.0,83798.0
Cuba,UIS.ROFST.1,0.21,1.33,2.96,3.58,6.76,7.75
Cuba,NY.GDP.MKTP.CD,64328000000.0,68990000000.0,73141000000.0,77148000000.0,80656100000.0,87132800000.0
Cuba,SP.POP.GROW,0.13,0.19,0.24,0.26,0.24,0.19
Cuba,IT.NET.USER.P2,15.9,16.02,21.2,27.93,29.07,37.31
Cuba,UIS.ILLPOP.AG25T64,0.0,0.0,15925.31,0.0,0.0,0.0
Cuba,SE.XPD.TOTL.GD.ZS,12.84,0.0,0.0,0.0,0.0,0.0
Cuba,SE.PRM.TENR,99.79,98.67,97.04,96.42,93.24,92.25
Cuba,SE.PRM.ENRL.TC.ZS,9.13,9.11,9.06,9.06,9.07,8.9
Djibouti,AIDS,0.0,0.0,0.0,0.0,0.0,0.0
Djibouti,UIS.LP.AG15T24,0.0,0.0,0.0,0.0,0.0,0.0
Djibouti,SL.UEM.TOTL.ZS,6.1,6.2,6.1,6.0,6.0,6.0
Djibouti,SE.PRM.TCHR,0.0,1731.0,1821.0,1852.0,1935.0,1906.0
Djibouti,UIS.ROFST.1,0.0,42.32,0.0,42.94,35.36,42.63
Djibouti,SE.PRM.ENRL.TC.ZS,0.0,35.24,34.93,34.22,33.24,33.02
Djibouti,SP.POP.GROW,1.7,1.72,1.75,1.74,1.71,1.66
Djibouti,IT.NET.USER.P2,6.5,7.0,8.27,9.5,10.71,11.92
Djibouti,UIS.ILLPOP.AG25T64,0.0,0.0,0.0,0.0,0.0,0.0
Djibouti,SE.XPD.TOTL.GD.ZS,4.48,0.0,0.0,0.0,0.0,0.0
Djibouti,NY.GDP.MKTP.CD,1128611700.36,1239144501.78,1353632941.52,1455000000.0,1588000000.0,1727000000.0
Djibouti,SE.PRM.TENR,0.0,57.68,0.0,57.06,64.64,57.37
Dominican Republic,AIDS,0.0,0.0,0.0,0.0,0.0,0.0
Dominican Republic,UIS.LP.AG15T24,59775.0,55511.0,56232.0,47605.0,44030.0,45546.0
Dominican Republic,SL.UEM.TOTL.ZS,12.4,14.7,14.7,15.0,14.5,14.5
Dominican Republic,SE.PRM.TCHR,51615.0,51464.0,54322.0,54959.0,61659.0,71463.0
Dominican Republic,UIS.ROFST.1,7.85,8.77,10.68,11.89,14.2,11.25
Dominican Republic,SE.PRM.TENR,92.15,91.23,89.32,88.11,85.8,88.75
Dominican Republic,SP.POP.GROW,1.32,1.3,1.27,1.24,1.2,1.17
Dominican Republic,IT.NET.USER.P2,31.4,38.0,42.32,45.9,49.58,54.22
Dominican Republic,UIS.ILLPOP.AG25T64,455534.59,444812.99,447051.99,434893.43,389836.84,373962.89
Dominican Republic,SE.XPD.TOTL.GD.ZS,0.0,0.0,0.0,0.0,0.0,0.0
Dominican Republic,NY.GDP.MKTP.CD,53954579003.53,57746684847.09,60613645121.35,61965942056.68,65231032303.24,68102618092.1
Dominican Republic,SE.PRM.ENRL.TC.ZS,25.53,25.46,23.63,23.49,20.56,18.29
Ecuador,SE.PRM.TCHR,90744.96,96192.52,97188.9,94623.59,88793.87,84768.77
Ecuador,AIDS,0.0,0.0,1.0,0.0,0.0,0.0
Ecuador,UIS.LP.AG15T24,37986.0,37320.0,33645.0,40514.0,26395.0,25645.0
Ecuador,SL.UEM.TOTL.ZS,5.0,4.2,4.1,4.2,3.8,4.8
Ecuador,UIS.ROFST.1,3.23,2.98,3.26,3.58,1.92,2.03
Ecuador,SE.PRM.ENRL.TC.ZS,23.13,21.98,21.9,22.08,23.29,24.7
Ecuador,SP.POP.GROW,1.64,1.61,1.58,1.56,1.53,1.51
Ecuador,IT.NET.USER.P2,29.03,31.37,35.14,40.28,45.59,48.94
Ecuador,UIS.ILLPOP.AG25T64,434592.95,430083.41,413085.83,376685.57,336520.32,329155.07
Ecuador,SE.XPD.TOTL.GD.ZS,4.51,4.73,4.64,5.0,5.25,4.96
Ecuador,NY.GDP.MKTP.CD,69555367000.0,79276664000.0,87924544000.0,95129659000.0,101726331000.0,99290381000.0
Ecuador,SE.PRM.TENR,96.77,97.02,96.74,96.42,98.08,97.97
El Salvador,AIDS,0.0,0.0,0.0,0.0,0.0,0.0
El Salvador,UIS.LP.AG15T24,47516.0,41757.0,0.0,34259.0,0.0,25389.0
El Salvador,SL.UEM.TOTL.ZS,7.0,6.6,6.1,5.9,7.0,7.0
El Salvador,SE.PRM.TCHR,0.0,30755.0,0.0,0.0,0.0,24967.46
El Salvador,UIS.ROFST.1,3.87,4.15,4.29,4.23,5.89,7.88
El Salvador,SE.PRM.ENRL.TC.ZS,0.0,29.29,0.0,0.0,0.0,29.69
El Salvador,SP.POP.GROW,0.44,0.45,0.46,0.47,0.49,0.5
El Salvador,IT.NET.USER.P2,15.9,18.9,20.32,23.11,24.76,26.8
El Salvador,UIS.ILLPOP.AG25T64,412226.39,385907.99,0.0,361308.44,0.0,332773.15
El Salvador,SE.XPD.TOTL.GD.ZS,3.49,3.42,3.33,3.43,3.45,3.55
El Salvador,NY.GDP.MKTP.CD,21418330000.0,23139040000.0,23813600000.0,24350930000.0,25054230000.0,26052340000.0
El Salvador,SE.PRM.TENR,96.13,95.85,95.71,95.77,94.11,92.12
Equatorial Guinea,AIDS,1.0,1.0,0.0,0.0,1.0,1.0
Equatorial Guinea,UIS.LP.AG15T24,0.0,0.0,0.0,0.0,0.0,0.0
Equatorial Guinea,SL.UEM.TOTL.ZS,5.8,6.1,6.1,5.9,5.9,5.8
Equatorial Guinea,SE.PRM.TCHR,3131.0,3111.0,3517.0,0.0,0.0,4021.0
Equatorial Guinea,UIS.ROFST.1,47.01,44.7,42.11,0.0,0.0,43.2
Equatorial Guinea,SE.PRM.TENR,52.99,55.3,57.89,0.0,0.0,56.8
Equatorial Guinea,SP.POP.GROW,4.52,4.44,4.36,4.26,4.13,3.99
Equatorial Guinea,IT.NET.USER.P2,6.0,11.5,13.94,16.4,18.86,21.32
Equatorial Guinea,UIS.ILLPOP.AG25T64,0.0,0.0,0.0,0.0,0.0,0.0
Equatorial Guinea,SE.XPD.TOTL.GD.ZS,0.0,0.0,0.0,0.0,0.0,0.0
Equatorial Guinea,NY.GDP.MKTP.CD,16298542028.0,21329395900.87,22389627294.42,21942597765.36,21736500712.96,12597210657.5
Equatorial Guinea,SE.PRM.ENRL.TC.ZS,27.17,27.91,26.17,0.0,0.0,23.23
Eritrea,SE.PRM.TCHR,7535.0,7704.0,8166.0,8680.0,8515.0,8346.0
Eritrea,AIDS,0.0,0.0,0.0,0.0,0.0,0.0
Eritrea,UIS.LP.AG15T24,0.0,0.0,0.0,0.0,0.0,0.0
Eritrea,SL.UEM.TOTL.ZS,6.6,6.6,6.6,6.4,6.4,6.4
Eritrea,UIS.ROFST.1,61.71,59.42,57.36,59.35,59.31,60.86
Eritrea,SE.PRM.ENRL.TC.ZS,37.96,40.46,40.93,45.67,42.47,43.34
Eritrea,SP.POP.GROW,1.85,1.89,0.0,0.0,0.0,0.0
Eritrea,IT.NET.USER.P2,0.61,0.7,0.8,0.9,0.99,1.08
Eritrea,UIS.ILLPOP.AG25T64,0.0,0.0,0.0,0.0,0.0,0.0
Eritrea,SE.XPD.TOTL.GD.ZS,0.0,0.0,0.0,0.0,0.0,0.0
Eritrea,NY.GDP.MKTP.CD,2117039512.2,2607739837.4,0.0,0.0,0.0,0.0
Eritrea,SE.PRM.TENR,38.29,40.58,42.64,40.65,40.69,39.14
Ethiopia,AIDS,0.0,0.0,0.0,0.0,0.0,0.0
Ethiopia,UIS.LP.AG15T24,0.0,0.0,0.0,0.0,0.0,0.0
Ethiopia,SL.UEM.TOTL.ZS,5.2,5.2,5.9,5.0,5.0,5.0
Ethiopia,SE.PRM.TCHR,252232.0,259636.0,0.0,0.0,0.0,0.0
Ethiopia,UIS.ROFST.1,25.55,21.58,20.32,0.0,13.51,13.83
Ethiopia,SE.PRM.ENRL.TC.ZS,54.06,55.07,0.0,0.0,0.0,0.0
Ethiopia,SP.POP.GROW,2.64,2.64,2.63,2.61,2.58,2.54
Ethiopia,IT.NET.USER.P2,0.75,1.1,2.9,4.6,7.7,11.6
Ethiopia,UIS.ILLPOP.AG25T64,0.0,0.0,0.0,0.0,0.0,0.0
Ethiopia,SE.XPD.TOTL.GD.ZS,4.5,5.48,5.57,4.5,0.0,0.0
Ethiopia,NY.GDP.MKTP.CD,29933790334.34,31952763089.33,43310721414.08,47648211133.22,55612228233.52,64464547915.27
Ethiopia,SE.PRM.TENR,74.45,78.42,79.68,0.0,86.49,86.17
Fiji,AIDS,0.0,0.0,0.0,1.0,0.0,1.0
Fiji,UIS.LP.AG15T24,0.0,0.0,0.0,0.0,0.0,0.0
Fiji,SL.UEM.TOTL.ZS,8.9,9.0,9.0,8.9,8.9,8.9
Fiji,SE.PRM.TCHR,0.0,3296.0,3671.0,0.0,0.0,0.0
Fiji,UIS.ROFST.1,0.0,0.96,1.31,2.96,0.0,1.97
Fiji,SE.PRM.TENR,0.0,99.04,98.69,97.04,0.0,98.03
Fiji,SP.POP.GROW,0.93,0.83,0.75,0.7,0.69,0.71
Fiji,IT.NET.USER.P2,20.0,28.0,33.74,35.2,37.4,42.5
Fiji,UIS.ILLPOP.AG25T64,0.0,0.0,0.0,0.0,0.0,0.0
Fiji,SE.XPD.TOTL.GD.ZS,0.0,4.17,0.0,3.88,0.0,0.0
Fiji,NY.GDP.MKTP.CD,3140508835.95,3774530615.66,3972012570.53,4190143206.26,4469573275.41,4391113415.33
Fiji,SE.PRM.ENRL.TC.ZS,0.0,30.76,28.0,0.0,0.0,0.0
France,SE.PRM.TCHR,234098.0,238141.0,233262.0,229471.0,0.0,0.0
France,AIDS,1.0,0.0,1.0,1.0,0.0,0.0
France,UIS.LP.AG15T24,0.0,0.0,0.0,0.0,0.0,0.0
France,SL.UEM.TOTL.ZS,9.3,9.2,9.8,10.4,10.3,10.4
France,UIS.ROFST.1,0.74,0.96,1.07,0.66,0.56,0.0
France,SE.PRM.ENRL.TC.ZS,17.77,17.52,17.82,18.18,0.0,0.0
France,SP.POP.GROW,0.49,0.48,0.48,0.51,0.5,0.44
France,IT.NET.USER.P2,77.28,77.82,81.44,81.92,83.75,84.69
France,UIS.ILLPOP.AG25T64,0.0,0.0,0.0,0.0,0.0,0.0
France,SE.XPD.TOTL.GD.ZS,5.68,5.51,5.53,5.49,0.0,0.0
France,NY.GDP.MKTP.CD,2646837111794.78,2862680142625.14,2681416108537.39,2808511203185.39,2849305322684.76,2433562015516.21
France,SE.PRM.TENR,99.26,99.04,98.93,99.34,99.44,0.0
Gabon,AIDS,0.0,0.0,0.0,0.0,0.0,0.0
Gabon,UIS.LP.AG15T24,0.0,0.0,37354.0,0.0,0.0,0.0
Gabon,SL.UEM.TOTL.ZS,20.4,20.4,20.2,20.2,20.1,20.0
Gabon,SE.PRM.TCHR,0.0,12961.0,0.0,0.0,0.0,0.0
Gabon,UIS.ROFST.1,0.0,0.0,0.0,0.0,0.0,0.0
Gabon,SE.PRM.ENRL.TC.ZS,0.0,24.53,0.0,0.0,0.0,0.0
Gabon,SP.POP.GROW,3.31,3.41,3.46,3.38,3.17,2.86
Gabon,IT.NET.USER.P2,13.0,18.0,24.0,30.54,38.07,45.78
Gabon,UIS.ILLPOP.AG25T64,0.0,0.0,110383.96,0.0,0.0,0.0
Gabon,SE.XPD.TOTL.GD.ZS,3.08,2.99,3.01,3.03,2.67,0.0
Gabon,NY.GDP.MKTP.CD,14358585195.76,18186479172.8,17171446922.21,17590745688.61,18179717776.16,14262032470.9
Gabon,SE.PRM.TENR,0.0,0.0,0.0,0.0,0.0,0.0
Ghana,AIDS,0.0,0.0,0.0,0.0,0.0,0.0
Ghana,UIS.LP.AG15T24,698588.0,0.0,0.0,0.0,0.0,0.0
Ghana,SL.UEM.TOTL.ZS,4.2,4.0,4.1,5.2,5.1,5.1
Ghana,SE.PRM.TCHR,121304.0,124359.0,123153.0,129599.0,136878.0,138928.0
Ghana,UIS.ROFST.1,0.0,16.15,17.81,13.17,10.69,9.11
Ghana,SE.PRM.TENR,0.0,83.85,82.19,86.83,89.31,90.89
Ghana,SP.POP.GROW,2.51,2.46,2.4,2.35,2.31,2.27
Ghana,IT.NET.USER.P2,7.8,9.0,10.6,15.0,25.52,31.45
Ghana,UIS.ILLPOP.AG25T64,2839103.98,0.0,0.0,0.0,0.0,0.0
Ghana,SE.XPD.TOTL.GD.ZS,5.54,8.14,7.92,6.1,6.18,0.0
Ghana,NY.GDP.MKTP.CD,32174772955.97,39566292432.86,41939728978.73,47805069494.91,38616536131.65,37543361203.56
Ghana,SE.PRM.ENRL.TC.ZS,0.0,31.04,32.98,31.68,30.08,31.26
Guatemala,SE.PRM.TCHR,98763.0,100600.0,100081.0,105618.0,105188.0,116719.0
Guatemala,AIDS,0.0,0.0,0.0,0.0,0.0,0.0
Guatemala,UIS.LP.AG15T24,0.0,0.0,198959.0,259517.0,186110.0,0.0
Guatemala,SL.UEM.TOTL.ZS,3.7,4.1,2.9,3.0,2.9,2.4
Guatemala,UIS.ROFST.1,1.31,3.35,6.25,8.76,11.04,11.95
Guatemala,SE.PRM.ENRL.TC.ZS,26.87,26.29,25.54,23.66,22.98,20.41
Guatemala,SP.POP.GROW,2.17,2.15,2.13,2.11,2.08,2.04
Guatemala,IT.NET.USER.P2,10.5,12.3,16.0,19.7,23.4,28.81
Guatemala,UIS.ILLPOP.AG25T64,0.0,0.0,1403694.69,1570746.93,1281939.38,0.0
Guatemala,SE.XPD.TOTL.GD.ZS,2.8,2.92,2.96,2.84,2.94,2.96
Guatemala,NY.GDP.MKTP.CD,41338595380.82,47654841112.85,50388454861.11,53851058955.3,58722323918.16,63767597193.92
Guatemala,SE.PRM.TENR,98.69,96.65,93.75,91.24,88.96,88.05
Guinea,AIDS,0.0,0.0,0.0,1.0,1.0,0.0
Guinea,UIS.LP.AG15T24,1523693.0,0.0,0.0,0.0,1285028.0,0.0
Guinea,SL.UEM.TOTL.ZS,6.3,6.3,6.3,6.4,6.4,6.3
Guinea,SE.PRM.TCHR,34451.0,34861.0,36731.0,37687.0,37938.0,0.0
Guinea,UIS.ROFST.1,29.45,25.61,26.27,25.41,21.98,0.0
Guinea,SE.PRM.TENR,70.55,74.39,73.73,74.59,78.02,0.0
Guinea,SP.POP.GROW,2.23,2.21,2.21,2.24,2.3,2.39
Guinea,NY.GDP.MKTP.CD,6861546075.83,6785188889.09,7387103675.3,8376667793.25,8791353804.84,8767143622.83
Guinea,SE.XPD.TOTL.GD.ZS,3.69,3.07,2.47,3.54,3.21,0.0
Guinea,SE.PRM.ENRL.TC.ZS,42.19,44.08,43.56,44.21,45.59,0.0
Guinea,IT.NET.USER.P2,1.0,2.0,3.1,4.5,6.4,8.2
Guinea,UIS.ILLPOP.AG25T64,2825855.14,0.0,0.0,0.0,3094111.69,0.0
Guinea-Bissau,AIDS,0.0,0.0,0.0,0.0,0.0,0.0
Guinea-Bissau,UIS.LP.AG15T24,0.0,0.0,0.0,0.0,141572.0,0.0
Guinea-Bissau,SL.UEM.TOTL.ZS,6.2,6.2,6.1,6.1,6.0,6.1
Guinea-Bissau,UIS.ROFST.1,30.77,0.0,0.0,0.0,0.0,0.0
Guinea-Bissau,SE.PRM.ENRL.TC.ZS,51.93,0.0,0.0,0.0,0.0,0.0
Guinea-Bissau,SE.PRM.TCHR,5371.0,0.0,0.0,0.0,0.0,0.0
Guinea-Bissau,IT.NET.USER.P2,2.45,2.67,2.89,3.1,3.32,3.54
Guinea-Bissau,UIS.ILLPOP.AG25T64,0.0,0.0,0.0,0.0,383931.47,0.0
Guinea-Bissau,SE.XPD.TOTL.GD.ZS,1.87,1.84,1.99,2.17,0.0,0.0
Guinea-Bissau,NY.GDP.MKTP.CD,850633309.81,1099385895.08,989875559.09,1046117071.04,1055186196.28,1036130506.54
Guinea-Bissau,SE.PRM.TENR,69.23,0.0,0.0,0.0,0.0,0.0
Guinea-Bissau,SP.POP.GROW,2.5,2.56,2.6,2.61,2.6,2.56
Guyana,SE.PRM.TCHR,4031.0,4012.0,4079.0,0.0,0.0,0.0
Guyana,AIDS,0.0,0.0,0.0,0.0,0.0,0.0
Guyana,UIS.LP.AG15T24,0.0,0.0,0.0,0.0,5318.0,0.0
Guyana,SL.UEM.TOTL.ZS,10.8,10.8,11.0,11.1,11.5,11.7
Guyana,UIS.ROFST.1,15.33,14.02,14.97,0.0,0.0,0.0
Guyana,NY.GDP.MKTP.CD,2273225041.96,2576024115.58,2861562265.88,2987684170.24,3077643313.71,3197225181.6
Guyana,SP.POP.GROW,0.12,0.34,0.53,0.66,0.7,0.67
Guyana,IT.NET.USER.P2,29.9,30.0,30.5,31.0,32.0,34.0
Guyana,UIS.ILLPOP.AG25T64,0.0,0.0,0.0,0.0,48469.75,0.0
Guyana,SE.XPD.TOTL.GD.ZS,3.66,3.59,3.19,0.0,0.0,0.0
Guyana,SE.PRM.TENR,84.67,85.98,85.03,0.0,0.0,0.0
Guyana,SE.PRM.ENRL.TC.ZS,24.62,24.59,23.16,0.0,0.0,0.0
Haiti,AIDS,0.0,0.0,0.0,0.0,0.0,0.0
Haiti,UIS.LP.AG15T24,0.0,0.0,0.0,0.0,0.0,0.0
Haiti,SL.UEM.TOTL.ZS,14.5,14.0,14.1,13.9,14.0,14.1
Haiti,UIS.ROFST.1,0.0,0.0,0.0,0.0,0.0,0.0
Haiti,SE.PRM.TCHR,0.0,0.0,0.0,0.0,0.0,0.0
Haiti,SE.PRM.ENRL.TC.ZS,0.0,0.0,0.0,0.0,0.0,0.0
Haiti,IT.NET.USER.P2,8.37,9.0,9.8,10.6,11.4,12.2
Haiti,UIS.ILLPOP.AG25T64,0.0,0.0,0.0,0.0,0.0,0.0
Haiti,SE.XPD.TOTL.GD.ZS,0.0,0.0,0.0,0.0,0.0,0.0
Haiti,NY.GDP.MKTP.CD,6622541528.57,7516834160.25,7890216507.69,8452509315.88,8776360623.3,8724656126.5
Haiti,SE.PRM.TENR,0.0,0.0,0.0,0.0,0.0,0.0
Haiti,SP.POP.GROW,1.48,1.44,1.41,1.38,1.34,1.3
Honduras,UIS.LP.AG15T24,78306.0,67176.0,84031.0,84069.0,74853.0,70008.0
Honduras,SL.UEM.TOTL.ZS,4.8,4.4,3.9,3.9,5.5,7.4
Honduras,SE.PRM.TCHR,0.0,0.0,0.0,0.0,84122.0,39599.0
Honduras,UIS.ROFST.1,3.94,2.49,2.67,5.37,5.12,6.41
Honduras,SE.PRM.ENRL.TC.ZS,0.0,0.0,0.0,0.0,13.67,29.15
Honduras,AIDS,1.0,0.0,1.0,1.0,1.0,1.0
Honduras,IT.NET.USER.P2,11.09,15.9,18.12,17.8,19.08,27.62
Honduras,UIS.ILLPOP.AG25T64,461142.37,458898.29,466749.55,473412.82,433052.23,418596.74
Honduras,SE.XPD.TOTL.GD.ZS,0.0,0.0,0.0,5.87,0.0,0.0
Honduras,NY.GDP.MKTP.CD,15839344591.98,17710315006.0,18528506894.06,18496438641.48,19756494434.7,20844284855.0
Honduras,SE.PRM.TENR,96.06,97.51,97.33,94.63,94.88,93.59
Honduras,SP.POP.GROW,1.97,1.9,1.83,1.77,1.73,1.71
Italy,AIDS,0.0,0.0,0.0,0.0,0.0,0.0
Italy,UIS.LP.AG15T24,0.0,8217.0,0.0,0.0,0.0,0.0
Italy,SL.UEM.TOTL.ZS,8.4,8.4,10.7,12.1,12.7,11.9
Italy,SE.PRM.TCHR,0.0,0.0,0.0,237735.0,237214.0,237483.0
Italy,UIS.ROFST.1,0.75,1.01,0.68,0.54,0.72,1.1
Italy,SE.PRM.ENRL.TC.ZS,0.0,0.0,0.0,12.03,12.07,12.03
Italy,IT.NET.USER.P2,53.68,54.39,55.83,58.46,55.64,58.14
Italy,UIS.ILLPOP.AG25T64,0.0,176733.7,0.0,0.0,0.0,0.0
Italy,SE.XPD.TOTL.GD.ZS,4.36,4.14,0.0,4.18,4.08,0.0
Italy,NY.GDP.MKTP.CD,2125058244242.92,2276292404600.52,2072823157059.76,2130491320658.68,2151732868243.21,1832347450961.51
Italy,SE.PRM.TENR,99.25,98.99,99.32,99.46,99.28,98.9
Italy,SP.POP.GROW,0.31,0.17,0.27,1.16,0.92,-0.1
Jamaica,AIDS,0.0,0.0,0.0,0.0,0.0,0.0
Jamaica,UIS.LP.AG15T24,0.0,0.0,0.0,0.0,0.0,0.0
Jamaica,SL.UEM.TOTL.ZS,12.4,12.7,13.7,15.2,13.7,13.5
Jamaica,SE.PRM.TCHR,0.0,12380.0,12409.0,12842.0,12055.0,11806.0
Jamaica,UIS.ROFST.1,0.0,0.0,0.0,0.0,0.0,0.0
Jamaica,SE.PRM.ENRL.TC.ZS,0.0,23.39,22.86,21.28,22.08,21.88
Jamaica,IT.NET.USER.P2,27.67,37.44,33.79,37.1,40.4,42.22
Jamaica,SP.POP.GROW,0.47,0.44,0.41,0.38,0.36,0.34
Jamaica,NY.GDP.MKTP.CD,13191645685.51,14439910353.06,14800165406.77,14274983015.95,13897723431.39,14186886642.67
Jamaica,SE.PRM.TENR,0.0,0.0,0.0,0.0,0.0,0.0
Jamaica,UIS.ILLPOP.AG25T64,0.0,0.0,0.0,0.0,0.0,0.0
Jamaica,SE.XPD.TOTL.GD.ZS,6.34,6.28,6.12,6.27,6.02,5.46
Kazakhstan,AIDS,1.0,1.0,1.0,1.0,1.0,1.0
Kazakhstan,UIS.LP.AG15T24,3284.0,0.0,0.0,0.0,0.0,0.0
Kazakhstan,SL.UEM.TOTL.ZS,5.8,5.4,5.3,5.2,5.1,5.0
Kazakhstan,UIS.ROFST.1,0.35,0.74,0.58,0.61,0.51,0.13
Kazakhstan,SE.PRM.ENRL.TC.ZS,16.25,16.36,16.19,16.48,16.86,16.2
Kazakhstan,SE.PRM.TCHR,58957.0,60252.0,62285.0,64124.0,66578.0,73827.0
Kazakhstan,IT.NET.USER.P2,31.6,50.6,53.32,63.0,66.0,72.9
Kazakhstan,UIS.ILLPOP.AG25T64,17193.28,0.0,0.0,0.0,0.0,0.0
Kazakhstan,SE.XPD.TOTL.GD.ZS,0.0,0.0,0.0,0.0,0.0,2.79
Kazakhstan,NY.GDP.MKTP.CD,148047348240.64,192626507971.58,207998568865.79,236634552078.1,221415572819.5,184388432148.72
Kazakhstan,SE.PRM.TENR,99.65,99.26,99.42,99.39,99.49,99.87
Kazakhstan,SP.POP.GROW,1.41,1.43,1.41,1.44,1.48,1.46
Kenya,SE.PRM.TCHR,0.0,0.0,142345.0,0.0,260197.0,266511.0
Kenya,AIDS,0.0,0.0,0.0,0.0,0.0,0.0
Kenya,UIS.LP.AG15T24,0.0,0.0,0.0,0.0,1183945.0,0.0
Kenya,SL.UEM.TOTL.ZS,12.2,12.1,12.0,11.9,11.9,11.9
Kenya,UIS.ROFST.1,0.0,0.0,13.79,0.0,0.0,0.0
Kenya,SE.XPD.TOTL.GD.ZS,5.52,5.33,5.5,5.41,5.27,5.27
Kenya,SP.POP.GROW,2.73,2.71,2.69,2.67,2.64,2.6
Kenya,IT.NET.USER.P2,7.2,8.8,10.5,13.0,16.5,21.0
Kenya,UIS.ILLPOP.AG25T64,0.0,0.0,0.0,0.0,3593132.53,0.0
Kenya,NY.GDP.MKTP.CD,39999659233.76,41953433591.41,50412754821.98,55097343447.56,61445345999.08,63767539356.61
Kenya,SE.PRM.TENR,0.0,0.0,86.21,0.0,0.0,0.0
Kenya,SE.PRM.ENRL.TC.ZS,0.0,0.0,56.57,0.0,31.35,30.65
Latvia,UIS.ROFST.1,1.85,1.84,1.62,1.53,2.97,3.25
Latvia,AIDS,0.0,0.0,0.0,0.0,0.0,0.0
Latvia,UIS.LP.AG15T24,0.0,446.0,0.0,0.0,0.0,0.0
Latvia,SL.UEM.TOTL.ZS,19.5,16.2,15.0,11.9,10.8,9.9
Latvia,SE.PRM.TCHR,9566.0,9959.0,10296.0,10221.0,10338.0,10537.0
Latvia,SE.PRM.ENRL.TC.ZS,11.88,11.41,11.01,11.16,11.09,11.13
Latvia,IT.NET.USER.P2,68.42,69.75,73.12,75.23,75.83,79.2
Latvia,UIS.ILLPOP.AG25T64,0.0,1094.36,0.0,0.0,0.0,0.0
Latvia,SE.XPD.TOTL.GD.ZS,5.08,4.95,6.61,6.99,5.29,0.0
Latvia,NY.GDP.MKTP.CD,23757368290.1,28223552824.75,28119996053.25,30314363218.68,31419072947.9,27009231911.44
Latvia,SE.PRM.TENR,98.15,98.16,98.38,98.47,97.03,96.75
Latvia,SP.POP.GROW,-2.08,-1.82,-1.24,-1.07,-0.94,-0.82
Lebanon,AIDS,0.0,0.0,0.0,0.0,0.0,0.0
Lebanon,UIS.LP.AG15T24,0.0,0.0,0.0,0.0,0.0,0.0
Lebanon,SL.UEM.TOTL.ZS,6.2,6.1,6.2,6.2,6.2,6.2
Lebanon,SE.PRM.TCHR,32649.0,32112.0,31816.0,39149.0,39017.0,0.0
Lebanon,UIS.ROFST.1,6.64,6.67,9.8,11.11,16.26,16.48
Lebanon,SE.PRM.ENRL.TC.ZS,14.14,14.23,14.34,12.05,12.33,0.0
Lebanon,SP.POP.GROW,3.61,5.63,6.91,7.06,6.02,4.33
Lebanon,IT.NET.USER.P2,43.68,52.0,61.25,70.5,73.0,74.0
Lebanon,UIS.ILLPOP.AG25T64,0.0,0.0,0.0,0.0,0.0,0.0
Lebanon,SE.XPD.TOTL.GD.ZS,1.63,1.65,2.19,2.57,0.0,0.0
Lebanon,NY.GDP.MKTP.CD,38419626628.19,40075674163.25,43868565281.72,46014226807.56,47833413749.12,49459296463.28
Lebanon,SE.PRM.TENR,93.36,93.33,90.2,88.89,83.74,83.52
Lesotho,AIDS,0.0,0.0,0.0,0.0,0.0,0.0
Lesotho,UIS.LP.AG15T24,0.0,0.0,0.0,0.0,64560.0,0.0
Lesotho,SL.UEM.TOTL.ZS,28.0,26.6,25.3,24.4,24.7,26.8
Lesotho,SE.PRM.TCHR,11508.0,11378.0,11200.0,11324.0,11167.0,10930.0
Lesotho,UIS.ROFST.1,20.97,19.39,17.98,19.94,19.27,19.27
Lesotho,SE.PRM.TENR,79.03,80.61,82.02,80.06,80.73,80.73
Lesotho,SP.POP.GROW,1.05,1.15,1.24,1.3,1.33,1.34
Lesotho,IT.NET.USER.P2,3.86,7.0,10.0,15.0,22.0,25.0
Lesotho,UIS.ILLPOP.AG25T64,0.0,0.0,0.0,0.0,188664.24,0.0
Lesotho,SE.XPD.TOTL.GD.ZS,0.0,0.0,0.0,0.0,0.0,0.0
Lesotho,NY.GDP.MKTP.CD,2385950663.83,2788022889.09,2678494689.4,2526009072.93,2614566292.26,2505886024.66
Lesotho,SE.PRM.ENRL.TC.ZS,33.77,33.88,34.08,32.63,32.78,33.09
Liberia,SE.PRM.TENR,0.0,40.92,0.0,0.0,38.13,37.61
Liberia,NY.GDP.MKTP.CD,1292697100.0,1545400000.0,1735500000.0,1946500000.0,2013000000.0,2034000000.0
Liberia,SE.XPD.TOTL.GD.ZS,0.0,0.0,2.76,0.0,0.0,0.0
Liberia,UIS.ILLPOP.AG25T64,0.0,0.0,0.0,0.0,0.0,0.0
Liberia,IT.NET.USER.P2,2.3,2.5,2.6,3.2,5.41,5.9
Liberia,SP.POP.GROW,3.52,3.04,2.7,2.47,2.41,2.45
Liberia,SE.PRM.ENRL.TC.ZS,0.0,26.83,0.0,0.0,26.5,30.45
Liberia,SE.PRM.TCHR,0.0,25137.0,0.0,0.0,25812.0,22479.0
Liberia,AIDS,0.0,0.0,1.0,0.0,0.0,0.0
Liberia,UIS.ROFST.1,0.0,59.08,0.0,0.0,61.87,62.39
Liberia,SL.UEM.TOTL.ZS,3.7,3.7,3.7,3.7,3.6,3.6
Liberia,UIS.LP.AG15T24,0.0,0.0,0.0,0.0,0.0,0.0
Libya,AIDS,0.0,0.0,0.0,0.0,0.0,0.0
Libya,UIS.LP.AG15T24,0.0,0.0,0.0,0.0,0.0,0.0
Libya,SL.UEM.TOTL.ZS,17.1,15.2,19.0,18.8,18.6,18.5
Libya,UIS.ROFST.1,0.0,0.0,0.0,0.0,0.0,0.0
Libya,SE.PRM.ENRL.TC.ZS,0.0,0.0,0.0,0.0,0.0,0.0
Libya,SE.PRM.TCHR,0.0,0.0,0.0,0.0,0.0,0.0
Libya,IT.NET.USER.P2,14.0,14.0,0.0,16.5,17.76,19.02
Libya,UIS.ILLPOP.AG25T64,0.0,0.0,0.0,0.0,0.0,0.0
Libya,SE.XPD.TOTL.GD.ZS,0.0,0.0,0.0,0.0,0.0,0.0
Libya,NY.GDP.MKTP.CD,74773444900.54,34699395523.61,0.0,0.0,0.0,0.0
Libya,SE.PRM.TENR,0.0,0.0,0.0,0.0,0.0,0.0
Libya,SP.POP.GROW,0.78,0.39,0.08,-0.04,0.13,0.5
Lithuania,UIS.ROFST.1,0.69,1.85,1.43,0.27,0.53,0.61
Lithuania,AIDS,0.0,0.0,0.0,0.0,0.0,0.0
Lithuania,UIS.LP.AG15T24,0.0,633.0,0.0,0.0,0.0,0.0
Lithuania,SL.UEM.TOTL.ZS,17.8,15.4,13.4,11.8,10.7,9.1
Lithuania,SE.PRM.ENRL.TC.ZS,12.85,12.41,12.43,12.62,12.81,12.86
Lithuania,SE.PRM.TCHR,9531.0,9312.0,8961.0,8642.0,8441.0,8401.0
Lithuania,IT.NET.USER.P2,62.12,63.64,67.23,68.45,72.13,71.38
Lithuania,SE.PRM.TENR,99.31,98.15,98.57,99.73,99.47,99.39
Lithuania,UIS.ILLPOP.AG25T64,0.0,3188.05,0.0,0.0,0.0,0.0
Lithuania,SE.XPD.TOTL.GD.ZS,5.3,5.12,4.77,4.61,0.0,0.0
Lithuania,NY.GDP.MKTP.CD,37120517693.86,43476878139.26,42847900765.81,46473646001.57,48545251795.56,41402022148.21
Lithuania,SP.POP.GROW,-2.1,-2.26,-1.34,-1.01,-0.86,-0.94
Madagascar,AIDS,1.0,1.0,1.0,1.0,1.0,1.0
Madagascar,UIS.LP.AG15T24,0.0,0.0,1046177.0,0.0,0.0,0.0
Madagascar,SL.UEM.TOTL.ZS,3.8,2.7,1.3,1.3,1.4,1.8
Madagascar,SE.PRM.TCHR,105673.0,99551.0,102229.0,112734.0,110528.0,115640.0
Madagascar,UIS.ROFST.1,0.0,0.0,0.0,0.0,0.0,0.0
Madagascar,SE.PRM.ENRL.TC.ZS,40.14,43.24,43.07,39.77,41.72,41.19
Madagascar,IT.NET.USER.P2,1.7,1.9,2.3,3.0,3.7,4.17
Madagascar,UIS.ILLPOP.AG25T64,0.0,0.0,2200968.56,0.0,0.0,0.0
Madagascar,SE.XPD.TOTL.GD.ZS,0.0,2.79,2.73,2.08,0.0,0.0
Madagascar,NY.GDP.MKTP.CD,8729936135.74,9892702357.57,9919780071.29,10601690871.76,10673516672.67,9744243420.48
Madagascar,SE.PRM.TENR,0.0,0.0,0.0,0.0,0.0,0.0
Madagascar,SP.POP.GROW,2.79,2.76,2.73,2.71,2.7,2.69
Malawi,SE.PRM.TCHR,43110.0,46852.0,49775.0,57148.0,56336.0,60488.0
Malawi,AIDS,0.0,0.0,0.0,0.0,0.0,0.0
Malawi,UIS.LP.AG15T24,863609.0,0.0,0.0,0.0,827365.0,960158.0
Malawi,SL.UEM.TOTL.ZS,6.5,6.5,6.4,6.4,6.4,6.4
Malawi,UIS.ROFST.1,0.0,0.0,0.0,0.0,0.0,0.0
Malawi,SE.XPD.TOTL.GD.ZS,3.54,4.14,0.0,5.42,4.84,5.61
Malawi,SP.POP.GROW,3.03,2.99,2.96,2.94,2.92,2.91
Malawi,IT.NET.USER.P2,2.26,3.33,4.35,5.05,5.83,9.3
Malawi,UIS.ILLPOP.AG25T64,1803695.52,0.0,0.0,0.0,1882067.87,2136773.56
Malawi,SE.PRM.TENR,0.0,0.0,0.0,0.0,0.0,0.0
Malawi,NY.GDP.MKTP.CD,6959697194.02,8003300198.3,6028470988.54,5518901971.4,6054750320.33,6373201160.03
Malawi,SE.PRM.ENRL.TC.ZS,79.27,76.07,74.09,69.15,72.72,69.51
Malaysia,AIDS,0.0,1.0,1.0,0.0,0.0,1.0
Malaysia,UIS.LP.AG15T24,89979.0,0.0,0.0,0.0,0.0,0.0
Malaysia,SL.UEM.TOTL.ZS,3.4,3.1,3.0,3.1,2.9,3.1
Malaysia,SE.PRM.TCHR,256615.0,262707.0,270069.0,274348.0,278496.0,269757.0
Malaysia,UIS.ROFST.1,3.43,3.28,2.29,1.18,1.63,1.91
Malaysia,SE.PRM.ENRL.TC.ZS,12.6,12.32,12.0,11.83,11.41,11.52
Malaysia,SP.POP.GROW,1.82,1.84,1.85,1.82,1.74,1.62
Malaysia,IT.NET.USER.P2,56.3,61.0,65.8,57.06,63.67,71.06
Malaysia,UIS.ILLPOP.AG25T64,727965.31,0.0,0.0,0.0,0.0,0.0
Malaysia,SE.XPD.TOTL.GD.ZS,4.97,5.76,5.74,5.47,5.2,4.97
Malaysia,NY.GDP.MKTP.CD,255016609232.87,297951960784.31,314443149443.15,323277158906.98,338061963396.38,296434003328.64
Malaysia,SE.PRM.TENR,96.57,96.72,97.71,98.82,98.37,98.09
Mauritius,AIDS,0.0,0.0,0.0,0.0,0.0,0.0
Mauritius,UIS.LP.AG15T24,0.0,3769.0,0.0,0.0,0.0,0.0
Mauritius,SL.UEM.TOTL.ZS,7.7,7.9,8.7,7.6,7.7,7.9
Mauritius,SE.PRM.TCHR,5472.0,5701.0,5427.0,5512.0,5629.0,5400.0
Mauritius,UIS.ROFST.1,3.49,3.26,6.05,3.66,3.45,3.71
Mauritius,SE.PRM.TENR,96.51,96.74,93.95,96.34,96.55,96.29
Mauritius,SP.POP.GROW,0.24,0.16,0.28,0.22,0.18,0.13
Mauritius,IT.NET.USER.P2,28.33,34.95,35.42,40.12,44.8,50.14
Mauritius,UIS.ILLPOP.AG25T64,0.0,66335.32,0.0,0.0,0.0,0.0
Mauritius,SE.XPD.TOTL.GD.ZS,3.55,3.33,3.41,3.62,4.92,4.89
Mauritius,NY.GDP.MKTP.CD,10003670690.35,11518393367.24,11668685524.13,12129642296.44,12803445933.59,11692287066.38
Mauritius,SE.PRM.ENRL.TC.ZS,21.46,20.36,20.94,19.79,18.73,18.82
Mongolia,AIDS,0.0,0.0,0.0,0.0,0.0,0.0
Mongolia,UIS.LP.AG15T24,9066.0,0.0,0.0,0.0,0.0,0.0
Mongolia,SE.PRM.TCHR,9060.0,9059.0,8916.0,8895.0,8795.0,8901.0
Mongolia,SL.UEM.TOTL.ZS,6.5,7.7,8.2,7.9,7.9,7.4
Mongolia,UIS.ROFST.1,2.36,1.96,2.42,4.71,4.38,2.69
Mongolia,SE.XPD.TOTL.GD.ZS,4.64,4.6,0.0,0.0,0.0,0.0
Mongolia,SP.POP.GROW,1.65,1.79,1.89,1.93,1.89,1.8
Mongolia,SE.PRM.ENRL.TC.ZS,30.24,29.32,28.78,27.59,27.21,28.22
Mongolia,NY.GDP.MKTP.CD,7189481824.07,10409797649.31,12292770631.2,12582122604.19,12226514722.09,11749620619.6
Mongolia,SE.PRM.TENR,97.64,98.04,97.58,95.29,95.62,97.31
Mongolia,IT.NET.USER.P2,10.2,12.5,16.4,17.7,19.94,21.44
Mongolia,UIS.ILLPOP.AG25T64,19840.93,0.0,0.0,0.0,0.0,0.0
Montenegro,AIDS,0.0,0.0,0.0,0.0,0.0,0.0
Montenegro,UIS.LP.AG15T24,0.0,673.0,0.0,0.0,0.0,0.0
Montenegro,SL.UEM.TOTL.ZS,19.7,19.7,19.6,19.5,18.0,17.5
Montenegro,UIS.ROFST.1,0.0,8.07,5.76,0.0,0.0,6.31
Montenegro,SE.PRM.ENRL.TC.ZS,0.0,0.0,0.0,0.0,0.0,0.0
Montenegro,SE.PRM.TCHR,0.0,0.0,0.0,0.0,0.0,0.0
Montenegro,IT.NET.USER.P2,37.5,35.61,56.84,60.31,61.0,68.12
Montenegro,UIS.ILLPOP.AG25T64,0.0,2305.88,0.0,0.0,0.0,0.0
Montenegro,SE.XPD.TOTL.GD.ZS,0.0,0.0,0.0,0.0,0.0,0.0
Montenegro,NY.GDP.MKTP.CD,4139192052.98,4538198498.75,4087724527.82,4464260488.58,4587928884.17,4052913385.83
Montenegro,SE.PRM.TENR,0.0,91.93,94.24,0.0,0.0,93.69
Montenegro,SP.POP.GROW,0.18,0.11,0.08,0.1,0.1,0.06
Morocco,SE.PRM.TCHR,150367.0,151477.0,155481.0,154754.0,157019.0,156072.0
Morocco,AIDS,0.0,0.0,0.0,0.0,0.0,0.0
Morocco,UIS.LP.AG15T24,0.0,1152555.0,543522.0,0.0,0.0,0.0
Morocco,SL.UEM.TOTL.ZS,9.1,8.9,9.0,9.2,9.9,9.7
Morocco,UIS.ROFST.1,5.08,2.66,2.14,1.12,1.08,0.0
Morocco,SE.XPD.TOTL.GD.ZS,0.0,0.0,0.0,0.0,0.0,0.0
Morocco,SP.POP.GROW,1.3,1.38,1.44,1.46,1.45,1.4
Morocco,IT.NET.USER.P2,52.0,46.11,55.42,56.0,56.8,57.08
Morocco,UIS.ILLPOP.AG25T64,0.0,6182171.04,5256966.31,0.0,0.0,0.0
Morocco,NY.GDP.MKTP.CD,93216746661.6,101370474295.11,98266306615.36,106825649872.11,110081248587.37,101187079462.94
Morocco,SE.PRM.TENR,94.92,97.34,97.86,98.88,98.92,0.0
Morocco,SE.PRM.ENRL.TC.ZS,26.24,26.42,25.84,25.98,25.67,25.88
Mozambique,UIS.ROFST.1,12.95,14.86,14.45,13.23,12.44,10.87
Mozambique,AIDS,0.0,0.0,0.0,0.0,0.0,0.0
Mozambique,UIS.LP.AG15T24,0.0,0.0,0.0,0.0,0.0,0.0
Mozambique,SL.UEM.TOTL.ZS,23.5,23.3,22.6,23.3,25.3,25.3
Mozambique,SE.PRM.TCHR,90236.0,94798.0,97717.0,101372.0,104051.0,107976.0
Mozambique,SE.PRM.ENRL.TC.ZS,58.49,55.42,54.84,54.92,54.83,54.66
Mozambique,IT.NET.USER.P2,4.17,4.3,6.0,7.29,9.24,16.93
Mozambique,UIS.ILLPOP.AG25T64,0.0,0.0,0.0,0.0,0.0,0.0
Mozambique,SE.XPD.TOTL.GD.ZS,0.0,0.0,6.08,6.48,0.0,0.0
Mozambique,NY.GDP.MKTP.CD,10154238250.18,13131168011.81,14534278446.31,16018848990.67,16961127045.83,14798439527.25
Mozambique,SE.PRM.TENR,87.05,85.14,85.55,86.77,87.56,89.13
Mozambique,SP.POP.GROW,2.92,2.92,2.91,2.91,2.9,2.89
Myanmar,AIDS,0.0,0.0,0.0,0.0,0.0,0.0
Myanmar,UIS.LP.AG15T24,0.0,0.0,0.0,0.0,0.0,0.0
Myanmar,SL.UEM.TOTL.ZS,0.8,0.8,0.8,0.8,0.8,0.8
Myanmar,SE.PRM.TCHR,181666.0,0.0,0.0,0.0,187828.0,0.0
Myanmar,UIS.ROFST.1,12.25,0.0,0.0,0.0,5.47,0.0
Myanmar,SE.PRM.ENRL.TC.ZS,28.22,0.0,0.0,0.0,27.56,0.0
Myanmar,SP.POP.GROW,0.71,0.79,0.85,0.9,0.92,0.92
Myanmar,IT.NET.USER.P2,0.25,0.98,4.0,8.0,11.52,21.73
Myanmar,UIS.ILLPOP.AG25T64,0.0,0.0,0.0,0.0,0.0,0.0
Myanmar,SE.XPD.TOTL.GD.ZS,0.0,0.0,0.0,0.0,0.0,0.0
Myanmar,NY.GDP.MKTP.CD,49540813342.48,59977326085.99,59937797559.33,60269734044.53,65446402659.17,59687373958.26
Myanmar,SE.PRM.TENR,87.75,0.0,0.0,0.0,94.53,0.0
Namibia,AIDS,0.0,0.0,0.0,0.0,0.0,0.0
Namibia,UIS.LP.AG15T24,0.0,26903.0,0.0,0.0,0.0,0.0
Namibia,SL.UEM.TOTL.ZS,19.5,20.2,20.0,19.2,18.4,19.6
Namibia,SE.PRM.TCHR,13652.0,0.0,0.0,0.0,0.0,0.0
Namibia,UIS.ROFST.1,13.23,0.0,11.41,9.34,0.0,0.0
Namibia,SE.PRM.TENR,86.77,0.0,88.59,90.66,0.0,0.0
Namibia,SP.POP.GROW,1.68,1.93,2.16,2.3,2.32,2.28
Namibia,IT.NET.USER.P2,11.6,12.0,12.94,13.9,14.84,25.69
Namibia,UIS.ILLPOP.AG25T64,0.0,89202.02,0.0,0.0,0.0,0.0
Namibia,SE.XPD.TOTL.GD.ZS,8.35,0.0,0.0,0.0,0.0,0.0
Namibia,NY.GDP.MKTP.CD,11282192605.04,12409629835.7,13016272898.9,12717790500.62,12786078003.63,11571141027.05
Namibia,SE.PRM.ENRL.TC.ZS,29.78,0.0,0.0,0.0,0.0,0.0
Nepal,AIDS,0.0,0.0,0.0,0.0,0.0,0.0
Nepal,UIS.LP.AG15T24,0.0,823462.0,0.0,0.0,0.0,0.0
Nepal,SL.UEM.TOTL.ZS,2.5,3.2,2.4,3.3,3.0,3.2
Nepal,SE.PRM.TCHR,153536.0,167216.0,173714.0,178534.0,183922.0,187684.0
Nepal,UIS.ROFST.1,0.0,1.36,0.42,0.0,5.34,2.87
Nepal,SE.PRM.ENRL.TC.ZS,31.92,29.61,27.53,25.63,23.93,23.1
Nepal,IT.NET.USER.P2,7.93,9.0,11.15,13.3,15.44,17.58
Nepal,UIS.ILLPOP.AG25T64,0.0,5030710.05,0.0,0.0,0.0,0.0
Nepal,SE.XPD.TOTL.GD.ZS,3.63,3.85,3.75,3.47,3.98,3.71
Nepal,NY.GDP.MKTP.CD,16002656434.47,18913574370.76,18851513891.07,19271168018.48,20002968837.95,21410840908.52
Nepal,SE.PRM.TENR,0.0,98.64,99.58,0.0,94.66,97.13
Nepal,SP.POP.GROW,1.05,1.12,1.17,1.21,1.2,1.17
Netherlands,AIDS,0.0,0.0,0.0,0.0,0.0,0.0
Netherlands,UIS.LP.AG15T24,0.0,0.0,0.0,0.0,0.0,0.0
Netherlands,SL.UEM.TOTL.ZS,4.4,5.0,5.8,7.2,7.4,6.9
Netherlands,SE.PRM.TCHR,0.0,111752.0,111039.0,107656.0,104815.47,103930.12
Netherlands,UIS.ROFST.1,0.12,0.09,0.15,0.0,0.0,1.36
Netherlands,SE.PRM.ENRL.TC.ZS,0.0,11.56,11.5,11.66,11.67,11.62
Netherlands,SP.POP.GROW,0.51,0.47,0.37,0.29,0.36,0.44
Netherlands,IT.NET.USER.P2,90.72,91.42,92.86,93.96,91.67,91.72
Netherlands,UIS.ILLPOP.AG25T64,0.0,0.0,0.0,0.0,0.0,0.0
Netherlands,SE.XPD.TOTL.GD.ZS,5.55,5.53,5.48,5.59,5.53,0.0
Netherlands,NY.GDP.MKTP.CD,836389937229.2,893757287201.69,828946812396.79,866680000367.26,879635084124.99,757999453314.27
Netherlands,SE.PRM.TENR,99.88,99.91,99.85,0.0,0.0,98.64
New Zealand,AIDS,0.0,0.0,0.0,0.0,0.0,0.0
New Zealand,UIS.LP.AG15T24,0.0,0.0,0.0,0.0,0.0,0.0
New Zealand,SL.UEM.TOTL.ZS,6.1,6.0,6.4,5.8,5.4,5.4
New Zealand,SE.PRM.TCHR,24053.0,23872.0,23829.0,0.0,25071.83,0.0
New Zealand,UIS.ROFST.1,0.53,0.95,1.58,1.65,1.51,0.85
New Zealand,SE.PRM.ENRL.TC.ZS,14.49,14.55,14.59,0.0,14.37,0.0
New Zealand,SP.POP.GROW,1.11,0.76,0.55,0.77,1.51,1.89
New Zealand,IT.NET.USER.P2,80.46,81.23,81.64,82.78,85.5,88.22
New Zealand,UIS.ILLPOP.AG25T64,0.0,0.0,0.0,0.0,0.0,0.0
New Zealand,SE.XPD.TOTL.GD.ZS,7.01,6.95,7.16,6.69,6.34,6.37
New Zealand,NY.GDP.MKTP.CD,146580949348.89,168461998741.3,176192886551.4,190521142196.38,200696291789.95,175562976175.28
New Zealand,SE.PRM.TENR,99.47,99.05,98.42,98.35,98.49,99.15
Nicaragua,AIDS,0.0,0.0,0.0,0.0,0.0,0.0
Nicaragua,UIS.LP.AG15T24,0.0,0.0,0.0,0.0,0.0,0.0
Nicaragua,SL.UEM.TOTL.ZS,8.0,7.4,6.7,5.3,5.9,5.8
Nicaragua,SE.PRM.TCHR,30571.0,0.0,0.0,0.0,0.0,0.0
Nicaragua,UIS.ROFST.1,1.59,0.0,0.0,0.0,0.0,0.0
Nicaragua,SE.PRM.ENRL.TC.ZS,30.22,0.0,0.0,0.0,0.0,0.0
Nicaragua,SP.POP.GROW,1.25,1.21,1.19,1.16,1.14,1.12
Nicaragua,IT.NET.USER.P2,10.0,10.6,13.5,15.5,17.6,19.7
Nicaragua,UIS.ILLPOP.AG25T64,0.0,0.0,0.0,0.0,0.0,0.0
Nicaragua,SE.XPD.TOTL.GD.ZS,4.49,0.0,0.0,0.0,0.0,0.0
Nicaragua,NY.GDP.MKTP.CD,8758622328.67,9774316692.16,10532001129.67,10982972256.38,11880438824.45,12747741539.73
Nicaragua,SE.PRM.TENR,98.41,0.0,0.0,0.0,0.0,0.0
Niger,AIDS,1.0,0.0,0.0,0.0,1.0,0.0
Niger,UIS.LP.AG15T24,0.0,0.0,2332170.0,0.0,0.0,0.0
Niger,SL.UEM.TOTL.ZS,2.4,2.4,2.5,2.4,2.5,2.4
Niger,SE.PRM.TCHR,44710.0,48976.0,52913.0,59653.0,63688.0,66750.0
Niger,UIS.ROFST.1,44.25,39.44,37.94,38.22,38.24,36.72
Niger,SE.PRM.TENR,55.75,60.56,62.06,61.78,61.76,63.28
Niger,SP.POP.GROW,3.79,3.82,3.83,3.84,3.84,3.84
Niger,IT.NET.USER.P2,0.83,1.3,1.41,1.7,1.95,2.48
Niger,UIS.ILLPOP.AG25T64,0.0,0.0,4493518.04,0.0,0.0,0.0
Niger,SE.XPD.TOTL.GD.ZS,3.74,4.21,4.33,4.92,6.71,0.0
Niger,NY.GDP.MKTP.CD,5718589799.24,6409169889.51,6942209594.55,7667951987.69,8229730066.64,7217666360.7
Niger,SE.PRM.ENRL.TC.ZS,38.61,39.0,38.76,36.31,35.75,36.63
Nigeria,AIDS,0.0,0.0,0.0,0.0,0.0,0.0
Nigeria,UIS.LP.AG15T24,0.0,0.0,0.0,0.0,0.0,0.0
Nigeria,SL.UEM.TOTL.ZS,7.3,7.3,7.6,7.1,4.8,4.3
Nigeria,SE.PRM.TCHR,574078.0,0.0,0.0,0.0,0.0,0.0
Nigeria,UIS.ROFST.1,34.33,0.0,0.0,0.0,0.0,0.0
Nigeria,SE.PRM.ENRL.TC.ZS,37.55,0.0,0.0,0.0,0.0,0.0
Nigeria,SP.POP.GROW,2.67,2.67,2.68,2.67,2.66,2.64
Nigeria,IT.NET.USER.P2,11.5,13.8,16.1,19.1,21.0,24.5
Nigeria,UIS.ILLPOP.AG25T64,0.0,0.0,0.0,0.0,0.0,0.0
Nigeria,SE.XPD.TOTL.GD.ZS,0.0,0.0,0.0,0.0,0.0,0.0
Nigeria,NY.GDP.MKTP.CD,369062464570.39,411743801711.64,460953836444.36,514966287206.5,568498937588.04,481066152889.09
Nigeria,SE.PRM.TENR,65.67,0.0,0.0,0.0,0.0,0.0
Oman,AIDS,0.0,0.0,0.0,0.0,0.0,0.0
Oman,UIS.LP.AG15T24,13872.0,0.0,0.0,0.0,6934.0,6100.0
Oman,SL.UEM.TOTL.ZS,18.4,18.2,18.0,17.3,16.7,16.1
Oman,SE.PRM.TCHR,0.0,0.0,0.0,0.0,0.0,0.0
Oman,UIS.ROFST.1,0.0,3.0,2.26,1.91,2.12,1.96
Oman,SE.PRM.TENR,0.0,97.0,97.74,98.09,97.88,98.04
Oman,SP.POP.GROW,5.35,6.24,6.79,6.88,6.5,5.86
Oman,IT.NET.USER.P2,35.83,48.0,60.0,66.45,70.22,66.13
Oman,UIS.ILLPOP.AG25T64,205729.06,0.0,0.0,0.0,199848.76,160497.14
Oman,SE.XPD.TOTL.GD.ZS,0.0,0.0,0.0,4.96,0.0,0.0
Oman,NY.GDP.MKTP.CD,58641621846.55,67937307412.22,76689583355.01,78938585175.55,81034395058.52,69831770871.26
Oman,SE.PRM.ENRL.TC.ZS,0.0,0.0,0.0,0.0,0.0,0.0
Pakistan,SE.PRM.TCHR,463674.0,453164.0,438161.0,426575.0,417675.0,428281.0
Pakistan,AIDS,1.0,1.0,1.0,1.0,1.0,1.0
Pakistan,UIS.LP.AG15T24,10321523.0,10579691.0,10046848.0,10508451.0,10144725.0,0.0
Pakistan,SL.UEM.TOTL.ZS,5.6,6.0,6.0,6.2,5.6,5.9
Pakistan,UIS.ROFST.1,25.32,28.26,28.7,29.94,27.02,26.15
Pakistan,SE.PRM.TENR,74.68,71.74,71.3,70.06,72.98,73.85
Pakistan,SP.POP.GROW,2.08,2.1,2.12,2.11,2.09,2.05
Pakistan,NY.GDP.MKTP.CD,177406854514.88,213587413184.0,224383620829.57,231218567178.98,244360888750.81,270556126820.06
Pakistan,SE.XPD.TOTL.GD.ZS,2.29,2.22,2.13,2.5,2.46,2.65
Pakistan,SE.PRM.ENRL.TC.ZS,40.45,39.83,41.35,42.55,46.52,46.34
Pakistan,IT.NET.USER.P2,8.0,9.0,9.96,10.9,12.0,14.0
Pakistan,UIS.ILLPOP.AG25T64,33351591.32,34762465.68,34607113.43,36597612.07,36904584.51,0.0
Papua New Guinea,AIDS,1.0,1.0,1.0,1.0,1.0,1.0
Papua New Guinea,UIS.LP.AG15T24,0.0,0.0,0.0,0.0,0.0,0.0
Papua New Guinea,SL.UEM.TOTL.ZS,2.5,2.6,2.6,2.6,2.6,2.6
Papua New Guinea,UIS.ROFST.1,0.0,0.0,12.84,0.0,0.0,0.0
Papua New Guinea,SE.PRM.ENRL.TC.ZS,0.0,0.0,45.17,0.0,0.0,0.0
Papua New Guinea,SE.PRM.TCHR,0.0,0.0,31586.0,0.0,0.0,0.0
Papua New Guinea,IT.NET.USER.P2,1.28,2.0,3.5,5.1,6.5,7.9
Papua New Guinea,UIS.ILLPOP.AG25T64,0.0,0.0,0.0,0.0,0.0,0.0
Papua New Guinea,SE.XPD.TOTL.GD.ZS,0.0,0.0,0.0,0.0,0.0,0.0
Papua New Guinea,NY.GDP.MKTP.CD,14250726289.85,17984816533.11,21295834133.23,21261305413.23,23003575201.11,21060901603.81
Papua New Guinea,SE.PRM.TENR,0.0,0.0,87.16,0.0,0.0,0.0
Papua New Guinea,SP.POP.GROW,2.29,2.24,2.2,2.16,2.12,2.09
Paraguay,SE.PRM.TCHR,0.0,0.0,34694.0,0.0,0.0,0.0
Paraguay,AIDS,0.0,0.0,0.0,0.0,0.0,0.0
Paraguay,UIS.LP.AG15T24,17861.0,0.0,0.0,0.0,17397.0,22386.0
Paraguay,SL.UEM.TOTL.ZS,5.7,5.5,4.8,5.0,6.0,5.3
Paraguay,UIS.ROFST.1,10.34,10.31,10.8,0.0,0.0,0.0
Paraguay,SE.XPD.TOTL.GD.ZS,3.77,4.98,4.96,0.0,0.0,0.0
Paraguay,SP.POP.GROW,1.33,1.34,1.35,1.35,1.33,1.31
Paraguay,IT.NET.USER.P2,19.8,24.76,29.34,36.9,43.0,48.44
Paraguay,UIS.ILLPOP.AG25T64,145722.34,0.0,0.0,0.0,138218.16,114694.82
Paraguay,NY.GDP.MKTP.CD,20030528042.92,25099681460.89,24595319573.75,28965906502.23,30881166852.31,27282581335.8
Paraguay,SE.PRM.ENRL.TC.ZS,0.0,0.0,24.16,0.0,0.0,0.0
Paraguay,SE.PRM.TENR,89.66,89.69,89.2,0.0,0.0,0.0
Peru,UIS.ROFST.1,1.12,1.42,6.94,4.22,4.69,2.11
Peru,AIDS,0.0,0.0,0.0,1.0,0.0,0.0
Peru,UIS.LP.AG15T24,0.0,0.0,73234.0,0.0,57264.0,55227.0
Peru,SL.UEM.TOTL.ZS,4.0,3.9,3.6,4.0,6.0,6.4
Peru,SE.PRM.TCHR,191177.0,187654.0,181292.0,196036.0,197928.0,195444.0
Peru,SE.PRM.ENRL.TC.ZS,19.68,19.56,19.19,18.08,17.66,17.98
Peru,IT.NET.USER.P2,34.77,36.01,38.2,39.2,40.2,40.9
Peru,UIS.ILLPOP.AG25T64,0.0,0.0,804629.24,0.0,849496.24,795239.9
Peru,SE.XPD.TOTL.GD.ZS,2.87,2.66,2.92,3.29,3.69,3.98
Peru,NY.GDP.MKTP.CD,147528937028.78,171761737046.58,192648999090.08,201217661645.51,201049665375.13,189212096470.29
Peru,SE.PRM.TENR,98.88,98.58,93.06,95.78,95.31,97.89
Peru,SP.POP.GROW,1.28,1.31,1.33,1.34,1.32,1.29
Philippines,AIDS,1.0,1.0,1.0,1.0,1.0,1.0
Philippines,UIS.LP.AG15T24,0.0,0.0,0.0,363682.0,0.0,0.0
Philippines,SL.UEM.TOTL.ZS,7.4,7.0,7.0,7.1,6.6,6.3
Philippines,SE.PRM.TCHR,0.0,0.0,0.0,461244.0,0.0,0.0
Philippines,UIS.ROFST.1,0.0,0.0,0.0,3.25,0.0,0.0
Philippines,SE.PRM.ENRL.TC.ZS,0.0,0.0,0.0,31.35,0.0,0.0
Philippines,SP.POP.GROW,1.62,1.64,1.65,1.65,1.63,1.6
Philippines,IT.NET.USER.P2,25.0,29.0,36.24,48.1,49.6,53.7
Philippines,UIS.ILLPOP.AG25T64,0.0,0.0,0.0,1576812.49,0.0,0.0
Philippines,SE.XPD.TOTL.GD.ZS,0.0,0.0,0.0,0.0,0.0,0.0
Philippines,NY.GDP.MKTP.CD,199590775190.26,224143083706.78,250092093547.53,271836123723.68,284584522898.87,292774099013.69
Philippines,SE.PRM.TENR,0.0,0.0,0.0,96.75,0.0,0.0
Romania,AIDS,0.0,0.0,0.0,0.0,0.0,0.0
Romania,UIS.LP.AG15T24,0.0,24414.0,0.0,0.0,0.0,0.0
Romania,SL.UEM.TOTL.ZS,7.0,7.2,6.8,7.1,6.8,6.8
Romania,SE.PRM.TCHR,52272.0,47560.0,45959.0,50626.0,50857.0,50098.0
Romania,UIS.ROFST.1,6.44,7.3,8.53,0.0,0.0,9.86
Romania,SE.PRM.TENR,93.56,92.7,91.47,0.0,0.0,90.14
Romania,SP.POP.GROW,-0.59,-0.49,-0.45,-0.37,-0.37,-0.47
Romania,IT.NET.USER.P2,39.93,40.01,45.88,49.76,54.08,55.76
Romania,UIS.ILLPOP.AG25T64,0.0,107878.84,0.0,0.0,0.0,0.0
Romania,SE.XPD.TOTL.GD.ZS,3.46,3.03,2.95,0.0,3.13,0.0
Romania,NY.GDP.MKTP.CD,167998080493.41,185362855081.02,171664638717.49,191549024910.6,199493490982.92,177911101680.11
Romania,SE.PRM.ENRL.TC.ZS,16.11,17.37,17.56,0.0,0.0,18.91
Rwanda,AIDS,0.0,0.0,0.0,0.0,0.0,0.0
Rwanda,UIS.LP.AG15T24,492839.0,0.0,383524.0,0.0,0.0,0.0
Rwanda,SL.UEM.TOTL.ZS,2.6,2.9,3.4,3.4,3.4,3.4
Rwanda,SE.PRM.TCHR,35583.0,40299.0,40397.0,40159.0,41193.0,42005.0
Rwanda,UIS.ROFST.1,1.49,0.0,0.0,3.88,3.33,4.9
Rwanda,IT.NET.USER.P2,8.0,7.0,8.02,9.0,10.6,18.0
Rwanda,SP.POP.GROW,2.66,2.59,2.56,2.53,2.5,2.47
Rwanda,UIS.ILLPOP.AG25T64,1311874.47,0.0,1364703.07,0.0,0.0,0.0
Rwanda,SE.XPD.TOTL.GD.ZS,4.95,4.72,4.75,5.02,0.0,3.8
Rwanda,NY.GDP.MKTP.CD,5774003744.27,6491683831.51,7315702176.36,7622526429.09,8016288347.04,8261034257.63
Rwanda,SE.PRM.TENR,98.51,0.0,0.0,96.12,96.67,95.1
Rwanda,SE.PRM.ENRL.TC.ZS,64.62,58.09,59.28,59.82,58.25,58.34
Senegal,AIDS,0.0,0.0,0.0,0.0,0.0,0.0
Senegal,UIS.LP.AG15T24,0.0,910641.0,0.0,1246260.0,0.0,0.0
Senegal,SL.UEM.TOTL.ZS,9.2,10.4,10.4,10.4,10.4,10.4
Senegal,SE.PRM.TCHR,50369.0,52394.0,56284.0,57232.0,59780.0,61620.0
Senegal,UIS.ROFST.1,29.78,29.5,26.79,27.96,27.16,27.01
Senegal,SE.PRM.ENRL.TC.ZS,33.65,32.94,31.68,32.25,31.59,32.09
Senegal,SP.POP.GROW,2.87,2.93,2.98,3.0,2.97,2.92
Senegal,IT.NET.USER.P2,8.0,9.8,10.8,13.1,17.7,21.69
Senegal,UIS.ILLPOP.AG25T64,0.0,2269128.02,0.0,2957458.39,0.0,0.0
Senegal,SE.XPD.TOTL.GD.ZS,6.5,6.08,5.94,7.27,7.4,0.0
Senegal,NY.GDP.MKTP.CD,12948906288.56,14390776643.96,14225310518.79,14851057084.78,15304363138.18,13640668374.17
Senegal,SE.PRM.TENR,70.22,70.5,73.21,72.04,72.84,72.99
Serbia,AIDS,1.0,0.0,0.0,0.0,0.0,1.0
Serbia,UIS.LP.AG15T24,0.0,8184.0,0.0,0.0,0.0,0.0
Serbia,SL.UEM.TOTL.ZS,19.2,23.0,23.9,22.1,18.9,17.7
Serbia,SE.PRM.TCHR,17314.0,18648.0,18511.0,19014.0,18126.0,18318.0
Serbia,UIS.ROFST.1,5.46,2.88,3.84,3.66,1.41,0.79
Serbia,SE.PRM.ENRL.TC.ZS,16.35,15.48,15.63,15.16,15.71,15.24
Serbia,SP.POP.GROW,-0.4,-0.79,-0.49,-0.49,-0.47,-0.49
Serbia,IT.NET.USER.P2,40.9,42.2,48.1,53.45,62.08,65.32
Serbia,UIS.ILLPOP.AG25T64,0.0,36039.83,0.0,0.0,0.0,0.0
Serbia,SE.XPD.TOTL.GD.ZS,4.58,4.49,4.43,0.0,4.18,0.0
Serbia,NY.GDP.MKTP.CD,39460357730.52,46466728666.61,40742313861.14,45519650911.41,44210806365.68,37160332465.16
Serbia,SE.PRM.TENR,94.54,97.12,96.16,96.34,98.59,99.21
Sierra Leone,AIDS,0.0,0.0,1.0,0.0,0.0,0.0
Sierra Leone,UIS.LP.AG15T24,0.0,0.0,0.0,521454.0,0.0,0.0
Sierra Leone,SL.UEM.TOTL.ZS,3.0,3.3,3.1,2.9,2.8,2.5
Sierra Leone,SE.PRM.TCHR,0.0,38125.0,37957.0,37317.0,0.0,73970.0
Sierra Leone,UIS.ROFST.1,0.0,0.0,0.68,0.0,0.0,0.62
Sierra Leone,SE.PRM.ENRL.TC.ZS,0.0,31.33,32.99,34.83,0.0,18.39
Sierra Leone,SP.POP.GROW,2.33,2.34,2.31,2.28,2.24,2.21
Sierra Leone,IT.NET.USER.P2,0.58,0.9,2.5,4.0,6.06,6.34
Sierra Leone,UIS.ILLPOP.AG25T64,0.0,0.0,0.0,1607369.73,0.0,0.0
Sierra Leone,SE.XPD.TOTL.GD.ZS,2.55,2.67,2.87,2.38,2.66,0.0
Sierra Leone,NY.GDP.MKTP.CD,2616610911.07,2942546781.05,3801862611.36,4920343194.99,5015180976.63,4251869869.51
Sierra Leone,SE.PRM.TENR,0.0,0.0,99.32,0.0,0.0,99.38
Singapore,AIDS,0.0,0.0,0.0,0.0,0.0,0.0
Singapore,UIS.LP.AG15T24,1705.0,790.0,749.0,735.0,730.0,1583.0
Singapore,SL.UEM.TOTL.ZS,3.1,2.9,2.8,2.8,2.8,1.7
Singapore,SE.PRM.TCHR,0.0,0.0,0.0,0.0,0.0,0.0
Singapore,UIS.ROFST.1,0.0,0.0,0.0,0.0,0.0,0.0
Singapore,SE.PRM.TENR,0.0,0.0,0.0,0.0,0.0,0.0
Singapore,SP.POP.GROW,1.77,2.08,2.45,1.62,1.3,1.19
Singapore,IT.NET.USER.P2,71.0,71.0,72.0,80.9,79.03,79.01
Singapore,UIS.ILLPOP.AG25T64,59429.51,40256.34,79596.89,76734.33,73620.67,41160.98
Singapore,SE.XPD.TOTL.GD.ZS,3.11,3.08,3.12,2.92,0.0,0.0
Singapore,NY.GDP.MKTP.CD,236421782178.22,275599459373.51,289162118908.54,302510668904.34,308142766948.15,296840704102.41
Singapore,SE.PRM.ENRL.TC.ZS,0.0,0.0,0.0,0.0,0.0,0.0
Somalia,AIDS,0.0,0.0,0.0,0.0,0.0,0.0
Somalia,UIS.LP.AG15T24,0.0,0.0,0.0,0.0,0.0,0.0
Somalia,SL.UEM.TOTL.ZS,6.1,6.1,6.2,6.2,6.2,6.2
Somalia,SE.PRM.TCHR,0.0,0.0,0.0,0.0,0.0,0.0
Somalia,UIS.ROFST.1,0.0,0.0,0.0,0.0,0.0,0.0
Somalia,SE.PRM.ENRL.TC.ZS,0.0,0.0,0.0,0.0,0.0,0.0
Somalia,SP.POP.GROW,2.91,2.87,2.85,2.85,2.86,2.88
Somalia,IT.NET.USER.P2,0.0,1.25,1.38,1.5,1.63,1.76
Somalia,UIS.ILLPOP.AG25T64,0.0,0.0,0.0,0.0,0.0,0.0
Somalia,SE.XPD.TOTL.GD.ZS,0.0,0.0,0.0,0.0,0.0,0.0
Somalia,NY.GDP.MKTP.CD,0.0,0.0,0.0,5352000000.0,5647000000.0,5925000000.0
Somalia,SE.PRM.TENR,0.0,0.0,0.0,0.0,0.0,0.0
South Africa,AIDS,0.0,0.0,0.0,0.0,0.0,0.0
South Africa,UIS.LP.AG15T24,143846.0,129011.0,119822.0,0.0,119352.0,111600.0
South Africa,SL.UEM.TOTL.ZS,24.7,24.6,24.7,24.6,24.9,25.2
South Africa,SE.PRM.TCHR,214880.0,213440.0,212657.0,220544.0,214170.0,0.0
South Africa,UIS.ROFST.1,0.0,0.0,0.0,0.0,0.0,0.0
South Africa,SE.PRM.TENR,0.0,0.0,0.0,0.0,0.0,0.0
South Africa,SP.POP.GROW,1.43,1.46,1.49,1.52,1.55,1.59
South Africa,IT.NET.USER.P2,24.0,33.97,41.0,46.5,49.0,51.92
South Africa,UIS.ILLPOP.AG25T64,1567100.5,1517752.53,1363169.02,0.0,1280564.53,1245100.51
South Africa,SE.XPD.TOTL.GD.ZS,5.72,5.96,6.38,6.02,6.03,0.0
South Africa,NY.GDP.MKTP.CD,375298134440.47,416878162440.89,396332598448.22,366810014300.22,351119102947.14,317610719411.48
South Africa,SE.PRM.ENRL.TC.ZS,32.69,32.6,32.94,32.03,33.6,0.0
South Sudan,SE.PRM.TCHR,0.0,29073.0,0.0,0.0,0.0,27248.0
South Sudan,AIDS,1.0,0.0,1.0,0.0,0.0,1.0
South Sudan,UIS.LP.AG15T24,0.0,0.0,0.0,0.0,0.0,0.0
South Sudan,SL.UEM.TOTL.ZS,0.0,0.0,0.0,0.0,0.0,0.0
South Sudan,UIS.ROFST.1,0.0,59.35,0.0,0.0,0.0,69.02
South Sudan,SE.PRM.TENR,0.0,40.65,0.0,0.0,0.0,30.98
South Sudan,SP.POP.GROW,4.32,4.33,4.3,4.14,0.0,0.0
South Sudan,NY.GDP.MKTP.CD,15728045817.42,18831595688.28,10368813559.32,11804406779.66,0.0,0.0
South Sudan,SE.XPD.TOTL.GD.ZS,0.0,0.81,0.0,1.18,1.71,1.54
South Sudan,SE.PRM.ENRL.TC.ZS,0.0,49.9,0.0,0.0,0.0,46.75
South Sudan,IT.NET.USER.P2,0.0,0.0,0.0,0.0,0.0,0.0
South Sudan,UIS.ILLPOP.AG25T64,0.0,0.0,0.0,0.0,0.0,0.0
Spain,AIDS,0.0,0.0,0.0,0.0,0.0,0.0
Spain,UIS.LP.AG15T24,19055.0,13796.0,14701.0,14595.0,12079.0,14891.0
Spain,SL.UEM.TOTL.ZS,19.9,21.4,24.8,26.1,24.4,22.1
Spain,UIS.ROFST.1,0.39,0.32,0.33,0.49,1.01,0.5
Spain,SE.PRM.ENRL.TC.ZS,12.4,12.4,12.6,13.32,13.1,13.19
Spain,SE.PRM.TCHR,219409.0,223644.0,223517.0,220323.0,226066.0,228299.0
Spain,IT.NET.USER.P2,65.8,67.09,69.81,71.64,76.19,78.69
Spain,UIS.ILLPOP.AG25T64,285752.19,287793.17,268179.38,233603.53,232159.02,220498.73
Spain,SE.XPD.TOTL.GD.ZS,4.82,4.87,4.43,4.31,4.27,0.0
Spain,NY.GDP.MKTP.CD,1431616749640.29,1488067258325.2,1336018949805.58,1361854206549.39,1376910811040.88,1197789902774.43
Spain,SE.PRM.TENR,99.61,99.68,99.67,99.51,98.99,99.5
Spain,SP.POP.GROW,0.46,0.36,0.06,-0.33,-0.3,-0.07
Sri Lanka,SE.PRM.TCHR,71957.0,72114.0,71721.0,74415.0,75143.0,76803.0
Sri Lanka,AIDS,0.0,0.0,0.0,0.0,0.0,0.0
Sri Lanka,UIS.LP.AG15T24,59744.0,0.0,0.0,0.0,0.0,0.0
Sri Lanka,SL.UEM.TOTL.ZS,4.9,4.2,4.0,4.4,4.4,4.7
Sri Lanka,UIS.ROFST.1,4.96,4.81,4.63,3.49,2.67,0.92
Sri Lanka,SE.XPD.TOTL.GD.ZS,1.72,1.81,1.5,1.62,1.93,2.18
Sri Lanka,SP.POP.GROW,0.75,0.75,0.76,0.78,0.9,0.93
Sri Lanka,IT.NET.USER.P2,12.0,15.0,18.29,21.9,25.8,29.99
Sri Lanka,UIS.ILLPOP.AG25T64,889122.61,0.0,0.0,0.0,0.0,0.0
Sri Lanka,NY.GDP.MKTP.CD,56725745039.34,65292741296.54,68434399083.41,74317806754.53,79356456990.29,80611989527.22
Sri Lanka,SE.PRM.ENRL.TC.ZS,23.91,24.07,24.43,23.75,23.66,23.15
Sri Lanka,SE.PRM.TENR,95.04,95.19,95.37,96.51,97.33,99.08
Sudan,UIS.ROFST.1,0.0,42.72,45.25,0.0,0.0,0.0
Sudan,AIDS,0.0,0.0,0.0,0.0,0.0,0.0
Sudan,UIS.LP.AG15T24,0.0,0.0,0.0,0.0,0.0,0.0
Sudan,SL.UEM.TOTL.ZS,13.0,12.9,12.9,13.0,13.0,13.0
Sudan,SE.PRM.TCHR,0.0,0.0,0.0,0.0,0.0,0.0
Sudan,SE.PRM.ENRL.TC.ZS,0.0,0.0,0.0,0.0,0.0,0.0
Sudan,IT.NET.USER.P2,16.7,17.46,21.0,22.7,24.64,26.61
Sudan,UIS.ILLPOP.AG25T64,0.0,0.0,0.0,0.0,0.0,0.0
Sudan,SE.XPD.TOTL.GD.ZS,0.0,0.0,0.0,0.0,0.0,0.0
Sudan,NY.GDP.MKTP.CD,65634109236.77,67327289319.73,68125631150.29,72065940085.77,82151588418.83,97156119150.0
Sudan,SE.PRM.TENR,0.0,57.28,54.75,0.0,0.0,0.0
Sudan,SP.POP.GROW,2.16,2.25,2.31,2.36,2.38,2.38
Suriname,AIDS,0.0,0.0,0.0,0.0,0.0,0.0
Suriname,UIS.LP.AG15T24,1456.0,0.0,2083.0,0.0,0.0,0.0
Suriname,SL.UEM.TOTL.ZS,7.6,6.9,6.3,4.8,6.9,7.3
Suriname,SE.PRM.TCHR,4749.0,4880.0,5019.0,5114.0,5263.0,5014.0
Suriname,UIS.ROFST.1,6.71,8.02,7.03,7.08,7.28,5.34
Suriname,SE.PRM.ENRL.TC.ZS,14.95,14.31,13.99,13.74,13.39,14.34
Suriname,SP.POP.GROW,1.05,1.04,1.03,1.01,0.99,0.96
Suriname,IT.NET.USER.P2,31.59,32.0,34.68,37.4,40.08,42.76
Suriname,UIS.ILLPOP.AG25T64,10589.51,0.0,16369.57,0.0,0.0,0.0
Suriname,SE.XPD.TOTL.GD.ZS,0.0,0.0,0.0,0.0,0.0,0.0
Suriname,NY.GDP.MKTP.CD,4368398047.64,4422276621.79,4980000000.0,5145757575.76,5240606060.61,4826587057.69
Suriname,SE.PRM.TENR,93.29,91.98,92.97,92.92,92.72,94.66
Switzerland,AIDS,0.0,0.0,0.0,0.0,0.0,0.0
Switzerland,UIS.LP.AG15T24,0.0,0.0,0.0,0.0,0.0,0.0
Switzerland,SL.UEM.TOTL.ZS,4.5,4.0,4.2,4.4,4.5,4.5
Switzerland,SE.PRM.TCHR,0.0,0.0,44956.0,46306.0,47889.0,0.0
Switzerland,UIS.ROFST.1,0.89,0.74,0.77,0.36,0.36,0.38
Switzerland,SE.PRM.TENR,99.11,99.26,99.23,99.64,99.64,99.62
Switzerland,SP.POP.GROW,1.04,1.11,1.06,1.15,1.22,1.14
Switzerland,IT.NET.USER.P2,83.9,85.19,85.2,86.34,87.4,87.48
Switzerland,UIS.ILLPOP.AG25T64,0.0,0.0,0.0,0.0,0.0,0.0
Switzerland,SE.XPD.TOTL.GD.ZS,4.95,5.0,5.05,5.07,5.1,0.0
Switzerland,NY.GDP.MKTP.CD,583782977866.4,699579638638.23,668043614122.87,688504173431.45,709182559935.3,679289166858.24
Switzerland,SE.PRM.ENRL.TC.ZS,0.0,0.0,10.75,10.45,10.1,0.0
Syrian Arab Republic,AIDS,0.0,0.0,0.0,0.0,0.0,0.0
Syrian Arab Republic,UIS.LP.AG15T24,0.0,0.0,0.0,0.0,0.0,0.0
Syrian Arab Republic,SL.UEM.TOTL.ZS,8.4,14.9,14.5,14.4,14.5,14.6
Syrian Arab Republic,SE.PRM.TCHR,0.0,0.0,0.0,0.0,0.0,0.0
Syrian Arab Republic,UIS.ROFST.1,0.0,0.0,0.0,29.13,0.0,0.0
Syrian Arab Republic,UIS.ILLPOP.AG25T64,0.0,0.0,0.0,0.0,0.0,0.0
Syrian Arab Republic,SP.POP.GROW,0.93,-0.74,-2.15,-3.04,-3.11,-2.47
Syrian Arab Republic,IT.NET.USER.P2,20.7,22.5,24.3,26.2,28.09,29.98
Syrian Arab Republic,SE.XPD.TOTL.GD.ZS,0.0,0.0,0.0,0.0,0.0,0.0
Syrian Arab Republic,NY.GDP.MKTP.CD,0.0,0.0,0.0,0.0,0.0,0.0
Syrian Arab Republic,SE.PRM.TENR,0.0,0.0,0.0,70.87,0.0,0.0
Syrian Arab Republic,SE.PRM.ENRL.TC.ZS,0.0,0.0,0.0,0.0,0.0,0.0
Tajikistan,AIDS,1.0,1.0,1.0,1.0,1.0,0.0
Tajikistan,UIS.LP.AG15T24,0.0,0.0,0.0,0.0,0.0,0.0
Tajikistan,SL.UEM.TOTL.ZS,11.5,11.2,10.9,10.9,10.8,10.8
Tajikistan,SE.PRM.TCHR,27087.0,28730.0,28799.0,29300.0,29627.0,30649.0
Tajikistan,UIS.ROFST.1,1.89,1.93,1.67,2.0,2.78,1.89
Tajikistan,SE.PRM.ENRL.TC.ZS,25.18,23.27,23.0,22.69,22.36,22.29
Tajikistan,SP.POP.GROW,2.23,2.26,2.27,2.26,2.24,2.2
Tajikistan,IT.NET.USER.P2,11.55,13.03,14.51,16.0,17.49,18.98
Tajikistan,UIS.ILLPOP.AG25T64,0.0,0.0,0.0,0.0,0.0,0.0
Tajikistan,SE.XPD.TOTL.GD.ZS,4.01,3.94,4.02,0.0,0.0,5.23
Tajikistan,NY.GDP.MKTP.CD,5642178579.58,6522732202.51,7633049792.09,8506674782.75,9236309138.04,7853450374.0
Tajikistan,SE.PRM.TENR,98.11,98.07,98.33,98.0,97.22,98.11
Thailand,AIDS,0.0,0.0,0.0,0.0,0.0,0.0
Thailand,UIS.LP.AG15T24,322530.0,0.0,0.0,154867.0,0.0,166056.0
Thailand,SL.UEM.TOTL.ZS,1.0,0.7,0.6,0.8,0.8,1.0
Thailand,SE.PRM.TCHR,316552.0,319568.0,307446.0,0.0,336676.0,300968.0
Thailand,UIS.ROFST.1,0.0,0.0,0.0,0.0,7.61,9.19
Thailand,SE.PRM.TENR,0.0,0.0,0.0,0.0,92.39,90.81
Thailand,SP.POP.GROW,0.49,0.48,0.46,0.44,0.4,0.35
Thailand,IT.NET.USER.P2,22.4,23.67,26.46,28.94,34.89,39.32
Thailand,UIS.ILLPOP.AG25T64,1195216.7,0.0,0.0,1889323.48,0.0,2063055.62
Thailand,SE.XPD.TOTL.GD.ZS,3.51,4.81,4.56,4.13,0.0,0.0
Thailand,NY.GDP.MKTP.CD,341105009515.33,370818747396.83,397559992407.45,420528737876.72,406521561093.36,399234547137.47
Thailand,SE.PRM.ENRL.TC.ZS,16.26,15.78,16.28,0.0,15.39,16.88
Timor-Leste,SE.PRM.TCHR,7622.0,7714.0,0.0,0.0,0.0,0.0
Timor-Leste,AIDS,0.0,1.0,0.0,0.0,0.0,1.0
Timor-Leste,UIS.LP.AG15T24,43497.0,0.0,0.0,0.0,0.0,0.0
Timor-Leste,SL.UEM.TOTL.ZS,3.0,3.1,3.2,3.2,3.3,3.3
Timor-Leste,UIS.ROFST.1,3.66,1.08,2.71,1.96,2.15,2.98
Timor-Leste,SE.PRM.ENRL.TC.ZS,30.2,31.35,0.0,0.0,0.0,0.0
Timor-Leste,SP.POP.GROW,1.6,1.96,2.21,2.36,2.37,2.3
Timor-Leste,IT.NET.USER.P2,3.0,4.0,7.0,11.0,17.5,23.0
Timor-Leste,UIS.ILLPOP.AG25T64,172075.93,0.0,0.0,0.0,0.0,0.0
Timor-Leste,SE.XPD.TOTL.GD.ZS,10.39,9.26,6.43,6.03,7.78,0.0
Timor-Leste,NY.GDP.MKTP.CD,894400000.0,1053500000.0,1188900000.0,1410000000.0,1450600000.0,1606500000.0
Timor-Leste,SE.PRM.TENR,96.34,98.92,97.29,98.04,97.85,97.02
Togo,AIDS,0.0,0.0,0.0,0.0,0.0,0.0
Togo,UIS.LP.AG15T24,0.0,265311.0,0.0,0.0,0.0,227522.0
Togo,SL.UEM.TOTL.ZS,6.3,6.3,6.3,6.2,6.2,6.2
Togo,SE.PRM.TCHR,31712.0,31743.0,32825.0,34375.0,34354.0,33891.0
Togo,UIS.ROFST.1,0.0,0.0,0.0,0.0,6.97,2.54
Togo,SE.PRM.ENRL.TC.ZS,40.57,40.95,41.68,41.09,41.14,41.71
Togo,SP.POP.GROW,2.69,2.68,2.66,2.64,2.61,2.57
Togo,IT.NET.USER.P2,3.0,3.5,4.0,4.5,5.7,7.12
Togo,UIS.ILLPOP.AG25T64,0.0,1022364.35,0.0,0.0,0.0,1048256.72
Togo,SE.XPD.TOTL.GD.ZS,4.43,4.44,4.74,4.67,4.87,5.22
Togo,NY.GDP.MKTP.CD,3172945644.56,3756023159.96,3866617462.62,4080929201.28,4482880424.34,4087628275.96
Togo,SE.PRM.TENR,0.0,0.0,0.0,0.0,93.03,97.46
Trinidad and Tobago,AIDS,0.0,0.0,0.0,0.0,0.0,0.0
Trinidad and Tobago,UIS.LP.AG15T24,0.0,0.0,0.0,0.0,0.0,0.0
Trinidad and Tobago,SL.UEM.TOTL.ZS,5.9,4.7,5.0,4.4,3.3,3.4
Trinidad and Tobago,SE.PRM.TCHR,0.0,0.0,0.0,0.0,0.0,0.0
Trinidad and Tobago,UIS.ROFST.1,1.27,0.0,0.0,0.0,0.0,0.0
Trinidad and Tobago,SE.PRM.TENR,98.73,0.0,0.0,0.0,0.0,0.0
Trinidad and Tobago,SP.POP.GROW,0.49,0.5,0.51,0.5,0.46,0.41
Trinidad and Tobago,IT.NET.USER.P2,48.5,55.2,59.52,63.8,65.1,69.2
Trinidad and Tobago,UIS.ILLPOP.AG25T64,0.0,0.0,0.0,0.0,0.0,0.0
Trinidad and Tobago,SE.XPD.TOTL.GD.ZS,0.0,0.0,0.0,0.0,0.0,0.0
Trinidad and Tobago,NY.GDP.MKTP.CD,22157948396.2,25433011405.3,25694164489.24,26436159314.56,26175952941.91,23559224762.44
Trinidad and Tobago,SE.PRM.ENRL.TC.ZS,0.0,0.0,0.0,0.0,0.0,0.0
Tunisia,AIDS,1.0,0.0,0.0,0.0,0.0,0.0
Tunisia,UIS.LP.AG15T24,56452.0,52811.0,59658.0,0.0,68177.0,0.0
Tunisia,UIS.ROFST.1,0.37,0.37,0.11,0.39,0.0,0.0
Tunisia,SE.PRM.TCHR,60186.0,59242.0,61031.0,61002.0,65835.0,70577.0
Tunisia,SE.PRM.ENRL.TC.ZS,17.12,17.35,17.15,17.43,16.54,15.8
Tunisia,SL.UEM.TOTL.ZS,13.0,18.3,17.6,15.9,15.1,15.2
Tunisia,IT.NET.USER.P2,36.8,39.1,41.44,43.8,46.16,48.52
Tunisia,UIS.ILLPOP.AG25T64,1067176.65,1062606.08,1044217.74,0.0,1128590.63,0.0
Tunisia,SE.XPD.TOTL.GD.ZS,6.25,0.0,6.25,0.0,0.0,0.0
Tunisia,NY.GDP.MKTP.CD,44050929160.26,45810626509.45,45044112939.37,46251061734.47,47587913058.84,43156708809.14
Tunisia,SE.PRM.TENR,99.63,99.63,99.89,99.61,0.0,0.0
Tunisia,SP.POP.GROW,1.12,1.14,1.16,1.17,1.17,1.16
Uganda,AIDS,0.0,0.0,0.0,0.0,0.0,0.0
Uganda,UIS.LP.AG15T24,829925.0,0.0,1162028.0,0.0,0.0,0.0
Uganda,SL.UEM.TOTL.ZS,3.1,3.4,1.5,1.9,1.9,1.9
Uganda,SE.PRM.TCHR,172403.0,169503.0,170652.0,185548.0,191217.0,192566.0
Uganda,UIS.ROFST.1,9.68,6.83,0.0,6.2,0.0,0.0
Uganda,SE.PRM.ENRL.TC.ZS,48.58,47.78,48.8,45.59,0.0,0.0
Uganda,SP.POP.GROW,3.43,3.42,3.4,3.38,3.35,3.32
Uganda,IT.NET.USER.P2,12.5,13.01,14.1,15.5,16.9,17.83
Uganda,UIS.ILLPOP.AG25T64,3066774.16,0.0,3597891.97,0.0,0.0,0.0
Uganda,SE.XPD.TOTL.GD.ZS,2.39,3.03,2.45,2.17,2.21,0.0
Uganda,NY.GDP.MKTP.CD,20186496527.13,20176751242.05,23132149256.97,24599553471.87,27295207927.56,27059447774.66
Uganda,SE.PRM.TENR,90.32,93.17,0.0,93.8,0.0,0.0
Ukraine,AIDS,0.0,0.0,0.0,0.0,0.0,0.0
Ukraine,UIS.LP.AG15T24,0.0,0.0,1744.0,0.0,0.0,0.0
Ukraine,SL.UEM.TOTL.ZS,8.1,7.9,7.5,7.2,9.3,9.1
Ukraine,SE.PRM.TCHR,98371.0,98740.0,98491.0,99376.0,99741.0,0.0
Ukraine,UIS.ROFST.1,5.59,1.49,0.92,0.98,3.48,0.0
Ukraine,SE.PRM.TENR,94.41,98.51,99.08,99.02,96.52,0.0
Ukraine,SP.POP.GROW,-0.4,-0.36,-0.25,-0.23,-0.48,-0.26
Ukraine,IT.NET.USER.P2,23.3,28.71,35.27,40.95,46.24,48.88
Ukraine,UIS.ILLPOP.AG25T64,0.0,0.0,4869.93,0.0,0.0,0.0
Ukraine,SE.XPD.TOTL.GD.ZS,0.0,6.16,6.71,6.65,5.86,0.0
Ukraine,NY.GDP.MKTP.CD,136013155905.04,163159671670.27,175781379051.43,183310146378.08,133503411375.74,91030959454.7
Ukraine,SE.PRM.ENRL.TC.ZS,15.66,15.83,16.09,16.49,16.89,0.0
Uzbekistan,AIDS,1.0,1.0,1.0,1.0,1.0,1.0
Uzbekistan,UIS.LP.AG15T24,0.0,0.0,0.0,0.0,0.0,0.0
Uzbekistan,SL.UEM.TOTL.ZS,9.1,9.1,9.0,9.0,8.9,8.8
Uzbekistan,SE.PRM.TCHR,110962.0,124685.0,130630.0,126651.0,112240.0,112159.0
Uzbekistan,UIS.ROFST.1,5.35,5.03,3.89,3.08,3.26,3.25
Uzbekistan,SE.PRM.ENRL.TC.ZS,17.76,15.62,14.97,15.64,18.12,19.03
Uzbekistan,SP.POP.GROW,2.82,2.68,1.47,1.56,1.69,1.74
Uzbekistan,IT.NET.USER.P2,15.9,18.6,23.6,26.8,35.5,42.8
Uzbekistan,UIS.ILLPOP.AG25T64,0.0,0.0,0.0,0.0,0.0,0.0
Uzbekistan,SE.XPD.TOTL.GD.ZS,0.0,0.0,0.0,0.0,0.0,0.0
Uzbekistan,NY.GDP.MKTP.CD,39332770928.94,45915191189.32,51821573338.13,57690453460.62,63067077178.54,66903804142.54
Uzbekistan,SE.PRM.TENR,94.65,94.97,96.11,96.92,96.74,96.75
Zambia,AIDS,0.0,0.0,0.0,0.0,0.0,0.0
Zambia,UIS.LP.AG15T24,316811.0,0.0,0.0,0.0,0.0,0.0
Zambia,SL.UEM.TOTL.ZS,10.8,13.6,7.8,7.8,7.7,7.7
Zambia,SE.PRM.TCHR,54716.0,54243.0,63697.0,64139.0,0.0,0.0
Zambia,UIS.ROFST.1,13.49,9.65,8.21,10.96,0.0,0.0
Zambia,UIS.ILLPOP.AG25T64,751871.24,0.0,0.0,0.0,0.0,0.0
Zambia,SP.POP.GROW,2.88,2.95,3.01,3.04,3.04,3.02
Zambia,IT.NET.USER.P2,10.0,11.5,13.47,15.4,19.0,21.0
Zambia,SE.XPD.TOTL.GD.ZS,0.0,0.0,0.0,0.0,0.0,0.0
Zambia,NY.GDP.MKTP.CD,20265556273.58,23460098339.75,25503370699.2,28045460442.19,27150630607.2,21154394545.9
Zambia,SE.PRM.TENR,86.51,90.35,91.79,89.04,0.0,0.0
Zambia,SE.PRM.ENRL.TC.ZS,52.99,55.86,49.22,47.95,0.0,0.0
Zimbabwe,UIS.LP.AG15T24,0.0,295605.0,0.0,0.0,311114.0,0.0
Zimbabwe,SL.UEM.TOTL.ZS,6.2,5.4,5.3,5.2,5.1,5.1
Zimbabwe,SE.PRM.TCHR,0.0,0.0,74355.0,73148.0,0.0,0.0
Zimbabwe,UIS.ROFST.1,0.0,0.0,10.89,13.7,0.0,0.0
Zimbabwe,SE.PRM.ENRL.TC.ZS,0.0,0.0,35.86,36.41,0.0,0.0
Zimbabwe,UIS.ILLPOP.AG25T64,0.0,785914.69,0.0,0.0,579366.7,0.0
Zimbabwe,IT.NET.USER.P2,6.4,8.4,12.0,15.5,16.36,22.74
Zimbabwe,SE.XPD.TOTL.GD.ZS,1.97,0.0,8.38,8.49,8.43,0.0
Zimbabwe,NY.GDP.MKTP.CD,10141859709.62,12098450748.86,14242490252.43,15451768658.55,15891049235.99,16304667807.07
Zimbabwe,SE.PRM.TENR,0.0,0.0,89.11,86.3,0.0,0.0
Zimbabwe,SP.POP.GROW,1.98,2.11,2.23,2.31,2.34,2.35
Zimbabwe,AIDS,0.0,0.0,0.0,0.0,0.0,0.0
